PAVLN_CHARST,DSPY_NM,FSPY_BGNDE,DSPY_ENNDE,DSPY_STATE_CD,DSPY_STATE_NM,PLACE,OPEN_DATE,OPEN_TIME,MNNST,WRITR,PRDCT,TIME_CHARST,VIEWING_CHARST,EBOOK_URL,EBOOK_NM,DSPY_IMAGE_URL,DSPY_IMAGE_NM,DSPY_ENG_NM,DSPY_ENG_CN,RDCNT
1관,Into Drawing 29 악한 목동,20151224,20160110,P,종료    ,소마드로잉센터 전시실(제5전시실),,,국민체육진흥공단 소마미술관,최대진 Daejin Choi,"드로잉, 오브제, 설치 등 10여점",10:00~18:00(입장마감 17:20)▒매주 월요일 휴관,▒▒▒메인 전시 (소마 드로잉_무심) 관람 시 무료 관람,,,https://soma.kspo.or.krhttps://soma.kspo.or.krhttps://soma.kspo.or.kr/manage/upload_files/display/2019/01/08/558dc308-f498-4de4-9e8e-75eac8a047cd.jpg,D2015_인투드로잉29_포스터.pdf_page_1.jpg,Into Drawing 29_Gaucho Malo,,1466
1관,Drawing Now 05 인간이 된다는 것,20110505,20110529,P,종료    ,소마미술관 제6전시실,,,국민체육진흥공단 소마미술관,레오나드 어소(Leonard Urso),회화 및 조각 드로잉 14점,10:00~18:00(입장마감 17:00)▒매주 월요일 휴관,▒▒▒메인전시 (Type Wall) 관람 시 무료 관람,,,https://soma.kspo.or.krhttps://soma.kspo.or.krhttps://soma.kspo.or.kr/manage/upload_files/display/2019/01/08/26cb7ba6-0e4f-4728-8c54-ef764059c74b.jpg,D2011_드로잉나우05_포스터.pdf_page_1.jpg,Drawing Now 05_Being Human Being,,3886
1관,Type Wall_공간이 된 작품들,20110401,20110529,P,종료    ,소마미술관 제1~5전시실,,,국민체육진흥공단 소마미술관,"김승영+오윤석, 박기원, 박기진+임승천, 이승애, 지하루+Graham Wakefield",장소특정적 설치작품 5점,10:00~18:00(입장마감 17:00)▒매주 월요일 휴관,"성인 3,000원, 청소년(13~24세) 2,000원, 어린이 1,000원▒성인 1,500원, 청소년(13~24세) 1,000원, 어린이 500원▒▒",,,https://soma.kspo.or.krhttps://soma.kspo.or.krhttps://soma.kspo.or.kr/manage/upload_files/display/2019/01/08/f44952ac-13c1-4f3b-bd38-a7b9ff8a9789.jpg,2011_Type Wall_포스터.jpg,type: wall,,6980
1관,&ldquo;아시아 코드_空&rdquo;展개최,20131011,20131222,P,종료    ,소마미술관 제 1~4 전시실,,,국민체육진흥공단 소마미술관,"권부문, 김태호, 노상균, 육근병, 홍승희(이상 한국), 야나기 유키노리, 미야지마 타츠오,와타나베 고(이상 일본), 팡 리쥔, 가오 레이(이상 중국), 수보드 굽타(인도),준 응우옌-하츠시바(베트남), 수잔 빅터(싱가포르) (총 13명)","회화, 드로잉, 사진, 영상, 설치 등 약 30여점",10:00~18:00(입장마감 17:00)▒매주 월요일 휴관,"성인, 대학생 3,000원, 청소년(13~18세) 2,000원, 어린이(12세이하) 1,000원▒성인, 대학생 1,500원, 청소년(13~18세) 1,000원, 어린이(12세이하) 500원▒▒",,,https://soma.kspo.or.krhttps://soma.kspo.or.krhttps://soma.kspo.or.kr/manage/upload_files/display/2019/01/15/58234c85-888f-4f78-b6c5-caf41947f856.jpg,아시아코드_공전.JPG,Asia Code_Zero,,10003
1관,내일-오픈 아카이브_Tomorrow-Open Archive,20101202,20110313,P,종료    ,소마미술관 제1-5전시실,,,국민체육진흥공단 소마미술관,"권기범, 김건일, 김선희, 김송이, 김정향, 심래정, 박상아, 박정래, 안세은, 안재홍, 안현곤, 윤상렬, 윤소림, 윤예지, 이선주, 이소영, 이영민, 임재영, 전경화, 전지민, 정명국, 정현조, 조미영, 조원희, 조현서, 차영석, 최경주, 캐슬린 킹, 허남준","드로잉, 회화, 오브제, 설치 등 100여점","10:00~18:00(입장마감 17:00)▒매주 월요일, 신정, 설날 당일 휴관","성인 3,000원, 청소년(13~24세) 2,000원, 어린이 1,000원▒성인 1,500원, 청소년(13~24세) 1,000원, 어린이 500원▒만 4세미만, 만 65세 이상, 국가유공자, 장애인 무료▒",,,https://soma.kspo.or.krhttps://soma.kspo.or.krhttps://soma.kspo.or.kr/manage/upload_files/display/2019/01/08/d384d070-7fcc-4dc3-8d8b-3cce0682e425.jpg,2010_오픈아카이브_포스터.pdf_page_1.jpg,TOMORROW_OPEN ARCHIVE,,9207
1관,&#39;한국드로잉30년:1970-2000&#39;展,20100916,20101121,P,종료    ,소마미술관,,,KSPO[국민체육진흥공단] SOMA[소마미술관],,"드로잉, 산업 드로잉, 멀티미디어 드로잉 등 총 300여 점",10:00~18:00(입장마감 17:00)▒매주 월요일 휴관,"성인 3,000원, 청소년(13~24세) 2,000원, 어린이 1,000원▒성인 1,500원, 청소년(13~24세) 1,000원, 어린이 500원▒▒",,,https://soma.kspo.or.krhttps://soma.kspo.or.krhttps://soma.kspo.or.kr/manage/upload_files/display/2019/01/08/6b9fe615-d73c-4efd-911c-576b7bee12ce.jpg,2010_드로잉 30년_포스터.pdf_page_1.jpg,KOREAN AVANT-GARDE DRAWING,,7823
1관,팝아트 슈퍼스타 키스해링展,20100616,20100905,P,종료    ,소마미술관 전관,,,"국민체육진흥공단, 매일경제  소마미술관, (주)엠허스트",,"실크스크린, 석판화, 에칭, 조각 등 총150여 점","10:00~18:00(입장마감 17:00)▒매주 수요일 연장 개관(10:00~21:00, 입장마감 20:00)","성인 12,000원, 청소년(13~24세) 10,000원, 어린이 8,000원▒성인 10,000원, 청소년(13~24세) 8,000원, 어린이 6,000원▒▒",,,https://soma.kspo.or.krhttps://soma.kspo.or.krhttps://soma.kspo.or.kr/manage/upload_files/display/2019/01/08/7cecd0bd-57b5-4792-9ca8-6aedf9703a83.jpg,keith Haring.jpg,POP : ART SUPERSTAR KEITH HARING 2010 SEOUL,,21089
1관,"A3(Asia Art Award Forum, 아시아현대미술상포럼)展",20100408,20100606,P,종료    ,소마미술관 전관,,,"CJ문화재단, 대안공간 루프, 국민체육진흥공단 소마미술관, 대안공간 루프, CJ문화재단","Chim Pom(일본), Shi Jin Shong(중국), Yangachi(한국), Ashok Sukumaran(인도), Jompet Kuswidananto(인도네시아), Apichatopong Weerasethakul(태국)","영상, 설치 등",10:00~18:00(입장마감 17:00)▒매주 월요일 휴관,"성인 3,000원, 청소년(13~24세) 2,000원, 어린이 1,000원▒성인 1,500원, 청소년(13~24세) 1,000원, 어린이 500원▒만 4세미만, 만 65세 이상, 국가유공자, 장애인 무료▒",,,https://soma.kspo.or.krhttps://soma.kspo.or.krhttps://soma.kspo.or.kr/manage/upload_files/display/2019/01/15/c165312f-3e5a-4efb-861a-ea16bf539edd.jpg,A3_포스터.jpg,Asia Art Award,,4820
1관,"작가재조명_신성희, 한순자",20090917,20091206,P,종료    ,소마미술관 전관(제1~6전시실),,,국민체육진흥공단 소마미술관,"신성희, 한순자 2인","회화, 드로잉, 오브제, 설치작품 등 70여점","10:00~18:00(입장마감 17:00)▒1,000원 문화행복의 날(매월 넷째주 토요일) ▒도슨트 시간 : [평일] 오전 11시, 오후2시 [주말] 오전 11시, 오후 1시, 3시, 5시▒매주 월요일 휴관","성인 3,000원, 청소년(13~24세) 2,000원, 어린이 1,000원▒성인 1,500원, 청소년(13~24세) 1,000원, 어린이 500원▒▒",,,https://soma.kspo.or.krhttps://soma.kspo.or.krhttps://soma.kspo.or.kr/manage/upload_files/display/2019/01/08/d2f3dbf6-5f0f-4b98-8dfc-683c83e21ebc.jpg,2009_작가재조명_포스터.pdf_page_1.jpg,RE-DISCOVERY,,9561
1관,"드로잉조각, 공중누각(空中樓閣)",20090709,20090830,P,종료    ,소마미술관,,,"소마미술관, 국민체육진흥공단","강영민, 김세일, 박선기, 장연순, 전강옥, 함연주 총 6명",설치 작품 10여 점,10:00~18:00(입장마감 17:00)▒매주 월요일 휴관,▒▒▒,,,https://soma.kspo.or.krhttps://soma.kspo.or.krhttps://soma.kspo.or.kr/manage/upload_files/display/2019/01/08/d7145394-784c-4fec-9786-01bdd3506a79.jpg,2009_공중누각_포스터.pdf_page_1.jpg,Drawing Sculpture_Bulid house in the air,,4685
1관,Into Drawing23 생성,20131206,20131222,P,종료    ,소마드로잉센터 전시실(제5전시실),,,국민체육진흥공단 소마미술관,유혜숙 Heysook Yoo,드로잉 10여점,10:00~18:00(입장마감 17:00)▒매주 월요일 휴관,▒▒▒메인 전시 (아시아 코드_空) 관람 시 무료 관람,,,https://soma.kspo.or.krhttps://soma.kspo.or.krhttps://soma.kspo.or.kr/manage/upload_files/display/2019/01/08/7235a254-6f09-4464-8adf-58e549d20327.jpg,D2013_into drawing23_포스터.jpg,Into Drawing23_Becoming,,1315
1관,Emotional Drawing,20090219,20090419,P,종료    ,소마미술관 제1-5전시실,,,"국민체육진흥공단 소마미술관, 일본국제교류기금","사카가미 치유키(Chiyuki Sakagami, 일본), 이케무라 레이코(Leiko Ikemura, 일본), 아말 케나위(Amal Kenawy, 이집트), 아비쉬 케브레자데(Avish Khebrehzadeh, 이란), 김정욱(Jungwook Kim, 한국), 김소연(Soyeon Kim, 한국), 고니시 도시유키(Toshiyuki Konishi, 일본), 호세 레가스피(Jose Legaspi, 필리핀), 이영빈(Youngbin Lee, 한국), 날리니 말라니(Nalini Malani, 인도), 츠지 나오유키(Naoyuki Tsuji, 일본), 마뉴엘 오캄포(Manuel Ocampo, 필리핀), S. 테디 D.(S. Teddy D., 인도네시아), 피나리 산피탁(Pinaree Sanpitak, 대만), 미투 센(Mithu Sen, 인도), 아디티 싱(Aditi Singh, 인도), 슈시 술라이만(Shooshie Sulaiman, 말레이시아), 우고 운토로(Ugo Untoro,인도네시아)",드로잉 및 영상설치 작품 총 200여점,10:00~18:00(입장마감 17:00)▒매주 월요일 휴관,▒▒▒,,,https://soma.kspo.or.krhttps://soma.kspo.or.krhttps://soma.kspo.or.kr/manage/upload_files/display/2019/01/08/ff187037-0f66-4141-8932-5de3862a266f.jpg,2009_이모셔널드로잉_포스터.pdf_page_1.jpg,Emotional Drawing,,8032
1관,8808 OUTSIDE IN 밖에서 안으로,20080917,20090111,P,종료    ,소마미술관 제1~6전시실,,,국민체육진흥공단 소마미술관,"총10명(국내 2명/ 해외 8명) 엄태정(Taijung Um, 대한민국), 조성묵(Sungmook Cho, 대한민국), 루이즈 부르주아(Louise Bourgeois, 미국), 나이젤 홀(Nigel Hall, 영국), 브라이언 헌트(Bryan Hunt, 미국), 솔 르윗(Sol LeWitt, 미국), 데니스 오펜하임(Dennis Oppenheim, 미국), 조지 리키(George Rickey, 미국), 헤수스 라파엘 소토(Jesus Raphael Soto, 베네수엘라), 귄터 우에커(Gunther Uecker, 독일)","실내조각, 드로잉 등 총 120여 점",10:00~18:00(입장마감 17:00)▒매주 월요일 휴관,▒▒▒,,,https://soma.kspo.or.krhttps://soma.kspo.or.krhttps://soma.kspo.or.kr/manage/upload_files/display/2019/01/08/899c7efb-71f2-4d17-a4ca-dc214a5ccc1f.jpg,2008_8808밖에서안으로_포스터.pdf_page_1.jpg,8808 OUT-SIDE IN,,12524
1관,Into Drawing 05 흔적,20080724,20080810,P,종료    ,소마드로잉센터 전시실,,,소마미술관/ SOSFO(국민체육진흥공단),이강원 Kangwon Lee,오브제 설치 약 10여점,10:00~18:00(입장마감 17:00)▒매주 토요일 10:00~21:00(입장마감 20:00)▒매주 월요일 휴관,▒▒▒메인전시 (프랑스디자인의 오늘) 관람 시 무료 관람,,,https://soma.kspo.or.krhttps://soma.kspo.or.krhttps://soma.kspo.or.kr/manage/upload_files/display/2019/01/08/9f64a5d6-6bbc-40bd-b217-26addb2cb825.jpg,D2008_인투드로잉05-포스터.pdf_page_1.jpg,Into Drawing 05_A Trace,,3459
1관,&ldquo;프랑스 디자인의 오늘&rdquo;展,20080617,20080831,P,종료    ,소마미술관 제1 ~5 전시실,,,"SOSFO (국민체육진흥공단),SOMA(소마미술관), 갤러리 뤼멘, MBC","5.5 디자이너 그룹, 마탈리 크라세, 루디 보 (총 6인)",디자인 작품 총 100여 점,10:00~18:00(입장마감 17:00)▒매주 월요일 휴관,"성인 8,000원, 청소년(13~24세) 6,000원, 어린이 4,000원▒성인 6,000원, 청소년(13~24세) 4,000원, 어린이 2,000원▒▒",,,https://soma.kspo.or.krhttps://soma.kspo.or.krhttps://soma.kspo.or.kr/manage/upload_files/display/2019/01/08/fd440796-81d2-450c-a400-b4ce47a0bdfd.jpg,2008_프랑스디자인의오늘_포스터.pdf_page_1.jpg,"Le design francais, aujourd&#39;hui",,14317
1관,&#39;한국 드로잉 백년전 : 1870-1970&#39;,20080404,20080601,P,종료    ,소마미술관 전관,,,소마미술관/서울올림픽기념 국민체육진흥공단,"곽인식, 구본웅, 권진규, 김 경, 김구림, 김봉태, 김수근, 김은호, 김종영, 김 태, 김환기, 류경채, 문 신, 박고석, 박수근, 박한진, 변관식, 서세옥, 서진달, 손일봉, 송영수, 안재후, 유영국, 윤형근, 이봉렬, 이 상, 이상범, 이승택, 이우환, 이응로, 이인성, 이종우, 이중섭, 이쾌대, 임군홍, 장욱진, 정창섭, 주 경, 진 환, 최경한, 하인두, 한 묵, 황술조, 황용엽 총 50여 명","드로잉, 백묘화, 초상화 초도 등 250여 점",10:00~18:00(입장마감 17:00)▒매주 월요일 휴관,▒▒▒,,,https://soma.kspo.or.krhttps://soma.kspo.or.krhttps://soma.kspo.or.kr/manage/upload_files/display/2019/01/08/83b84ca3-d6b8-4fd9-a87b-995143541b1f.jpg,2008_드로잉100년_포스터.jpg,DRAWING FROM KOREA,,8973
1관,[내일展]그림의 대면 : 동양화와 서양화의 접경,20080131,20080323,P,종료    ,소마미술관 전관,,,서울올림픽미술관,"김산영, 김수진, 김재광, 나형민, 민정기, 박기원, 박기일, 박수만, 송윤주, 안승환, 오은희, 유근택, 엄정순, 이동엽, 정욕국, 정주영, 정진용, 최병소, 허백련, Miki Carmi, Maceo Montoya, Emily Mae Smith 총 22명",60여점,10:00~18:00(입장마감 17:00)▒매주 월요일 휴관,▒▒▒,,,https://soma.kspo.or.krhttps://soma.kspo.or.krhttps://soma.kspo.or.kr/manage/upload_files/xhbt/image/2008021810474788590.jpg,2008021810474788590.jpg,Inter_viewing Paintings,,7464
1관,Into Drawing 03,20071129,20080106,P,종료    ,소마미술관,,,소마미술관 / 국민체육진흥공단,"송호은, 이영빈, 임태규","평면, 설치 등 약 10여 점",10:00~18:00(입장마감 17:00)▒매주 월요일 휴관,▒▒▒,,,https://soma.kspo.or.krhttps://soma.kspo.or.krhttps://soma.kspo.or.kr/manage/upload_files/xhbt/image/2009033113065686449.jpg,2009033113065686449.jpg,Into Drawing 03,,5620
1관,Drawing Now 02 중간-드로잉,20080617,20080629,P,종료    ,소마드로잉센터 전시실,,,국민체육진흥공단 소마미술관 드로잉센터,김재광 Jaekwang Kim,드로잉 외 가변설치 작품,10:00~18:00(입장마감 17:00)▒매주 월요일 휴관,"성인 3,000원, 청소년(13~24세) 2,000원, 어린이 1,000원▒성인 1,500원, 청소년(13~24세) 1,000원, 어린이 500원▒만 4세미만, 만 65세 이상, 국가유공자, 장애인 무료▒",,,https://soma.kspo.or.krhttps://soma.kspo.or.krhttps://soma.kspo.or.kr/manage/upload_files/display/2019/01/08/a9fc598a-153d-4a5c-b19c-a9ea965768df.jpg,D2008_드로잉now02_포스터.pdf_page_1.jpg,Drawing Now 02_Intermediate-Drawing,,1949
1관,Into Drawing 08 동시대의 삶,20090326,20090419,P,종료    ,소마드로잉센터 전시실,,,국민체육진흥공단 소마미술관,김현정 Hyunjung Kim,드로잉 오브제 및 설치 15점,10:00~18:00(입장마감 17:00)▒매주 월요일 휴관,▒▒▒,,,https://soma.kspo.or.krhttps://soma.kspo.or.krhttps://soma.kspo.or.kr/manage/upload_files/display/2019/01/08/275f7fbb-9f6e-403a-8c05-23b5be12079e.jpg,D2009_인투드로잉08-포스터_초대장.pdf_page_1.jpg,Into Drawing 08_Contemporary Lives,,3282
1관,Into Drawing 33 개가 짖는다,20170317,20170402,P,종료    ,소마미술관 드로잉센터 전시실(제1전시실),,,국립체육진흥공단 소마미술관,박승예 Seungyea Park,"드로잉, 회화, 설치, 영상 등 20여점",10:00~18:00(입장마감 17:20)▒매주 월요일 휴관,▒▒▒메인전시 (내가 사는 피부) 관람 시 무료 관람,,,https://soma.kspo.or.krhttps://soma.kspo.or.krhttps://soma.kspo.or.kr/manage/upload_files/display/2019/01/08/c6a4be52-7f85-4a40-a028-ee0b6a731905.jpg,D2017_인투드로잉33-포스터.pdf_page_1.jpg,Into Drawing 33_Dogs are Barking,,1763
1관,Into Drawing 22 심리지리학적 동시대 추상 풍경화,20131108,20131124,P,종료    ,소마드로잉센터 전시실(제5전시실),,,국민체육진흥공단 소마미술관,손경화 Kyunghwa Shon,"드로잉, 유화, 입체 설치 등 20여점",10:00~18:00(입장마감 17:00)▒매주 월요일 휴관,▒▒▒메인 전시 (아시아 코드_空) 관람 시 무료 관람,,,https://soma.kspo.or.krhttps://soma.kspo.or.krhttps://soma.kspo.or.kr/manage/upload_files/display/2019/01/08/e5f2c973-7312-4c3e-a11c-c8e659c2520e.jpg,D2013_into drawing22_포스터.jpg,Into Drawing 22_Psychogeographic Contemporary Abstract Landscapes,,714
1관,Into Drawing 37 계단 밑 깊은 어둠,20180706,20180722,P,종료    ,소마드로잉센터 전시실(제6전시실),,,국민체육진흥공단 소마미술관,전윤정 (Yunjung Chun),드로잉 90여점,"10:00~18:0010:00~18:00(입장마감 17:20)▒문화가 있는날(매월 마지막 주 수요일) 야간 연장개관(10:00~21:00, 입장마감 20:20)▒매주 월요일 휴관",▒▒▒메인전시 (일부러 불편하게) 관람시 무료관람,,,https://soma.kspo.or.krhttps://soma.kspo.or.krhttps://soma.kspo.or.kr/manage/upload_files/display/2019/01/07/72bf0fdc-c48f-450a-a4be-c85f7f0afda0.jpg,인투37-포스터-최종.jpg,Into Drawing 37_Deep Gloom Beneath the Stairs,,1448
1관,"Into Drawing 36 점점 느리게 그리고 여리게,점점 사라지듯이",20180608,20180624,P,종료    ,소마드로잉센터 전시실(제6전시실),,,국민체육진흥공단 소마미술관,이요나 Yona Lee,오브제 설치,"10:00~18:00(입장마감 17:20)▒문화가 있는날(매월 마지막 주 수요일) 야간 연장개관(10:00~21:00, 입장마감 20:20)▒매주 월요일 휴관",▒▒▒메인전시 (일부러 불편하게) 관람시 무료관람,,,https://soma.kspo.or.krhttps://soma.kspo.or.krhttps://soma.kspo.or.kr/manage/upload_files/display/2019/01/07/bba91bac-8c09-400a-a2d8-de692b7950fd.jpg,인투36-포스터.jpg,Into Drawing 36_Perdendosi,,1961
1관,Into Drawing 34 드로잉: 하늘에 딩동댕동 손가락비행체들,20170414,20170430,P,종료    ,소마미술관 드로잉센터 전시실(제1전시실),,,국민체육진흥공단 소마미술관,백기은 Kieun Beck,설치 영상 등 10여점,10:00~18:00(입장마감 17:20)▒매주 월요일 휴관,▒▒▒메인전시 (내가 사는 피부) 관람 시 무료 관람,,,https://soma.kspo.or.krhttps://soma.kspo.or.krhttps://soma.kspo.or.kr/manage/upload_files/display/2019/01/08/003c21e8-1463-4a3c-964b-5dcc59674a8c.jpg,D2017_인투드로잉34-포스터.pdf_page_1.jpg,Into Drawing 34_Ding Dong Dang Dong Fingerplane,,1210
1관,Into Drawing 01,20070601,20070704,P,종료    ,SOMA Drawing Center Space,,,소마드로잉센터/국민체육진흥공단,"김현숙, 윤유진, 이윤미",20여 점,10:00~18:00,0▒▒▒,,,https://soma.kspo.or.krhttps://soma.kspo.or.krhttps://soma.kspo.or.kr/manage/upload_files/display/2019/01/09/6072a2bd-43ee-494f-a034-42ad6ab7980b.jpg,intoD-poster2Final [Converted].jpg,Into Drawing 01,,7454
1관,프리다 칼로-절망에서 피어난 천재 화가,20150606,20150904,P,종료    ,소마미술관 1~5 전시실,,,"조선일보, 국민체육진흥공단, 소마미술관, 피아룩스, 한솔BBK","프리다 칼로, 디에고 리베라 등 총 12명","회화, 드로잉, 사진, 장신구 등 총 100여점",,▒▒▒,,,https://soma.kspo.or.krhttps://soma.kspo.or.krhttps://soma.kspo.or.kr/manage/upload_files/display/2019/01/08/d005f23a-037a-4707-b3be-587293ba5122.jpg,2015_프리다칼로_포스터.jpg,FRIDA KAHLO,,26005
1관,소마 인사이트_지독한 노동,20160318,20160529,P,종료    ,소마미술관 전관,,,국민체육진흥공단 소마미술관,"배윤환, 서해영, 송광익, 유봉상, 이세경, 임선이, 정원철, 정재철, 한영욱","드로잉, 회화, 조각, 오브제, 사진, 영상, 설치 등 30여점","10:00~18:00(입장마감 17:20)▒도슨트 시간 : [화, 수, 목, 금] 오후 2시, 4시 [토, 일] 오전 11시, 오후 1시, 2시, 4시▒문화가 있는 날(매월 마지막 주 수요일 및 금요일) 야간 연장 개관(10:00~21:00, 입장마감 20:20)▒매주 월요일 휴관","성인 3,000원, 청소년(13~24세) 2,000원, 어린이 1,000원▒성인 1,500원, 청소년(13~24세) 1,000원, 어린이 500원▒▒",,,https://soma.kspo.or.krhttps://soma.kspo.or.krhttps://soma.kspo.or.kr/manage/upload_files/display/2019/01/08/03049d56-dfb2-4b52-8fd2-b8dac270071d.jpg,2016_소마인사이트_포스터.jpg,THE GREAT LABOUR,,6055
1관,현대미술에 지대한 영향을 끼친 독일 예술가  &ldquo;요셉 보이스 : 멀티플&rdquo;展,20110616,20110828,P,종료    ,소마미술관 제1~6전시실,,,"국민체육진흥공단, 매일경제",요셉 보이스(Joseph Beuys),"판화, 드로잉, 오브제, 필름 등 총 200여 점",10:00~18:00(입장마감 17:00)▒매주 월요일 휴관,"성인 9,000원, 청소년(13~24세) 7,000원, 어린이 5,000원▒성인 7,000원, 청소년(13~24세) 5,000원, 어린이 3,000원▒▒",,,https://soma.kspo.or.krhttps://soma.kspo.or.krhttps://soma.kspo.or.kr/manage/upload_files/display/2019/01/08/6476c65e-49d9-4986-a220-e56740806e5d.jpg,2011_요셉보이스_포스터.pdf_page_2.jpg,Joseph Beuys_The Multiples,,13389
1관,&ldquo;구_체_경&rdquo;_ 힐링 그라운드展,20130419,20130623,P,종료    ,소마미술관 전관,,,국민체육진흥공단 소마미술관,"곽남신, 김무준, 김성윤, 김형석, 김용익, 조정화, 백남준, 김현숙, 조해영, 서동주, 윤영석, 유영호, 사윤택, 최무영, 이용덕, 이상원, 이길우, 변윤희, 최영록, 오원배, 데이비드 걸스타인, 베한트 할프헤르 등 총 22명","회화, 조각, 설치, 미디어 등 총 60여점","10:00~18:00(입장마감 17:00)▒도슨트 시간 : [화~금] 오후 2시, 4시 [주말] 오전 11시, 오후 1시, 2시, 4시▒매주 월요일 휴관","성인 3,000원, 청소년(13~24세) 2,000원, 어린이 1,000원▒성인 1,500원, 청소년(13~24세) 1,000원, 어린이 500원▒▒",,,https://soma.kspo.or.krhttps://soma.kspo.or.krhttps://soma.kspo.or.kr/manage/upload_files/display/2019/01/15/baf5510a-af74-41f0-9155-13018c666581.jpg,2013_구체경_포스터.pdf_page_1.jpg,Sphere Body Landscape_Healing Ground,,6300
1관,"작가 재조명 展 &ldquo;황창배, 유쾌한 창작의 장막&rdquo;",20180309,20180520,P,종료    ,소마미술관 1 ~ 6전시실 및 로비,,,국민체육진흥공단 소마미술관,故 황창배 화가,"회화, 드로잉, 영상, 아카이브 등 200여점","10:00~18:00(입장마감 17:20)▒문화가 있는날(매월 마지막 주 수요일) 야간 연장개관(10:00~21:00, 입장마감 20:20)▒매주 월요일 휴관","성인 3,000원, 청소년(13~24세) 2,000원, 어린이 1,000원▒성인 1,500원, 청소년(13~24세) 1,000원, 어린이 500원▒만 4세미만, 만 65세 이상, 국가유공자, 장애인 무료▒20인 이상 단체관람의 인솔교사 1명 무료▒재관람 고객 무료▒예술인 패스 소지자는 청소년 할인 요금 적용(2,000원)",/manage/upload_files/display/ebook/2019/01/08/dfcf1619-d56a-4ab1-b584-0b9a45a81c8c.pdf,soma_황창배전.pdf,https://soma.kspo.or.krhttps://soma.kspo.or.krhttps://soma.kspo.or.kr/manage/upload_files/display/2019/01/07/be24459e-85c2-4174-915c-5ae35ef6b035.jpg,SOMA_작가재조명-황창배_포스터OL.jpg,HWANG CHANG BAE : THE TENT OF DELIGHTS,,3340
1관,영국 국립미술관 테이트 명작전-Nude,20170811,20180204,P,종료    ,소마미술관 전관,,,"조선일보, 국민체육진흥공단, 테이트미술관 소마미술관, 한솔BBK","피카소, 마티스, 드가, 르누아르, 로댕, 헨리 무어, 윌리엄 터너, 윌렘 드 쿠닝, 루이즈 부르주아, 데이비드 호크니, 신디 셔먼, 사라 루카스 등 총 66명","회화, 조각, 드로잉 ,사진 등 총 122점","10:00~19:00(입장마감 18:00)▒문화가 있는날(매월 마지막 주 수요일) 야간 연장개관(10:00~21:00, 입장마감 20:00)▒도슨트 운영시간 : 오전 11시, 오후 5시","성인(19-64세) 13,000원, 청소년(13-18세) 9,000원, 어린이(5-12세) 6,000원▒성인(19-64세) 11,000원, 청소년(13-18세) 7,000원, 어린이(5-12세) 4,000원▒만 65세 이상, 국가유공자, 장애인 6,000원▒예술인 패스 소지자는 청소년 요금 적용▒만 48개월 미만 무료입장(부모 동반 시)▒문화가 있는 날 성인 7,000원 청소년 및 어린이 4,000원",,,https://soma.kspo.or.krhttps://soma.kspo.or.krhttps://soma.kspo.or.kr/manage/upload_files/display/2019/01/07/32d2301b-8189-4c16-a25c-9423b97679e0.jpg,tate_poster_최종_outline-1.jpg,Nude : Masterpieces from Tate,,19637
1관,뮤지엄 버스킹(Museum Busking),20170512,20170528,P,종료    ,"소마미술관 2~5전시실, 백남준 비디오 아트홀",,,국민체육진흥공단 소마미술관 국민체육진흥공단 소마미술관,"박지은, 신제현, 오종원, 이민혁, 정원연, 조명식, 최윤석, 프로젝트그룹 옆, 한받",퍼포먼스 설치 작품 40여점,10:00~18:00(입장마감 17:20)▒매주 월요일 휴관,"성인 3,000원, 청소년(13~24세) 2,000원, 어린이 1,000원▒성인 1,500원, 청소년(13~24세) 1,000원, 어린이 500원▒▒",,,https://soma.kspo.or.krhttps://soma.kspo.or.krhttps://soma.kspo.or.kr/manage/upload_files/display/2019/01/15/c087946e-85af-47c3-8d70-17cc42543f21.jpg,뮤지엄 버스킹.JPG,Museum Busking,,1522
1관,Into Drawing 35 살갗의 사건,20170512,20170528,P,종료    ,소마미술관 드로잉센터 전시실(제1전시실),,,국민체육진흥공단 소마미술관,고등어 Mackerel Safranski,"드로잉, 설치 등 10여점",10:00~18:00(입장마감 17:20)▒매주 월요일 휴관,▒▒▒메인전시 (내가 사는 피부) 관람 시 무료 관람,,,https://soma.kspo.or.krhttps://soma.kspo.or.krhttps://soma.kspo.or.kr/manage/upload_files/display/2019/01/09/e5485a92-0096-4bde-96b0-880f863cffe2.jpg,인투35-포스터-최종.pdf_page_1.jpg,Into Drawing 35_Accident of Flesh,,1490
1관,Trace &amp; Grace-한 소장가의 꿈. 길,20070601,20070704,P,종료    ,소마미술관,,,"소마미술관, 아트센터나비 / 국민체육진흥공단",,"회화, 판화, 조각 등 약 80여 점",10:00~18:00(입장마감 17:00)▒매주 월요일 휴관,▒▒▒,,,https://soma.kspo.or.krhttps://soma.kspo.or.krhttps://soma.kspo.or.kr/manage/upload_files/display/2019/01/08/7c519d49-462f-46f3-b0c2-cd46c696c108.jpg,"2007_한소장가의 꿈,길_포스터.jpg",Trace and Grace,,9477
1관,Into Drawing 31 낮은 물음,20161007,20161023,P,종료    ,소마드로잉센터 전시실(제1전시실),,,국민체육진흥공단 소마미술관,박명미 Myungmi Park,"드로잉, 오브제, 회화, 설치, 영상 등 10여점","10:00~18:00(입장마감 17:20)▒문화가 있는 날(매월 마지막 주 수요일 및 금요일) 야간 연장 개관(10:00~21:00, 입장마감 20:20)▒문화의 달(2016년 9월 23일 ~ 10월 30일) 기존과 운영시간 동일▒매주 월요일 휴관",▒▒▒메인 전시(어느 곳도 아닌 이곳) 관람 시 무료 관람▒문화가 있는 날 전체 관람객 무료입장▒문화의 달 전체 관람객 무료입장,,,https://soma.kspo.or.krhttps://soma.kspo.or.krhttps://soma.kspo.or.kr/manage/upload_files/display/2019/01/09/6126414e-bbf5-47d8-8c86-457df1b11f01.jpg,인투드로잉 31-포스터-최종.pdf_page_1.jpg,Into Drawing 31_The Low Question,,1885
1관,중력과 시간_움직이는 조각,20130206,20130331,P,종료    ,소마미술관 전관,,,국민체육진흥공단 소마미술관,"노해율, 박종영, 신성환, 신정필, 에브리웨어, 왕지원, 천민정, 최선호, 최종운, 하광석, 한진수 등 총 11명","조각, 설치, 영상 등 30여점","10:00~18:00(입장마감 17:00)▒도슨트 시간 : [목, 금] 오후 2시, 4시 [주말] 오전 11시, 오후 1시, 2시, 4시▒매주 월요일 및 설날 당일 휴관","성인 3,000원, 청소년(13~24세) 2,000원, 어린이 1,000원▒성인 1,500원, 청소년(13~24세) 1,000원, 어린이 500원▒▒",,,https://soma.kspo.or.krhttps://soma.kspo.or.krhttps://soma.kspo.or.kr/manage/upload_files/display/2019/01/08/d2b0ceec-59e8-462c-a815-e777b0d43992.jpg,2013_중력과시간_포스터.pdf_page_1.jpg,Gravity and Time_Moving Sculpture,,7490
1관,Into Drawing 19 돌연변이의 왕국,20121102,20121118,P,종료    ,소마미술관 제5전시실,,,국민체육진흥공단 소마미술관,다발킴 Dabal Kim,"드로잉, 설치 약 10여점",10:00~18:00(입장마감 17:00)▒매주 월요일 휴관,▒▒▒메인전시 (몸의 사유) 관람 시 무료 관람,,,https://soma.kspo.or.krhttps://soma.kspo.or.krhttps://soma.kspo.or.kr/manage/upload_files/display/2019/01/08/b1156be8-ad1d-4443-98e9-b1980d1e609d.jpg,D2012_intodrawing19_포스터.jpg,Into Drawing 19_Kingdom of Mutation,,2331
1관,Into Drawing 30 플루이드 네온,20160909,20160925,P,종료    ,소마드로잉센터 전시실(제1전시실),,,국민체육진흥공단 소마미술관,장파 Jang Pa,회화 작품 6여점,"10:00~18:00(입장마감 17:20)▒문화가 있는 날(매월 마지막 주 수요일 및 금요일) 야간 연장 개관(10:00~21:00, 입장마감 20:20)▒문화의 달(2016년 9월 23일 ~ 10월 30일) 기존과 운영시간 동일▒매주 월요일 및 추석 당일 휴관",▒▒▒메인 전시(어느 곳도 아닌 이곳) 관람 시 무료 관람▒문화가 있는 날 전체 관람객 무료입장▒문화의 달 전체 관람객 무료입장,,,https://soma.kspo.or.krhttps://soma.kspo.or.krhttps://soma.kspo.or.kr/manage/upload_files/display/2019/01/07/63bb3cdd-a0c7-48ef-bc80-3a916dec01ec.jpg,D2016_인투드로잉 30-포스터.pdf_page_1.jpg,Into Drawing 30_Fluid Neon,,1957
1관,어느 곳도 아닌 이 곳,20160909,20161211,P,종료    ,소마미술관 2F 전시실,,,국민체육진흥공단 소마미술관,"김기성, 김용관, 김지은, 박여주, 박혜수, 천대광, 카입, 한경우 등 총 8명",공간 설치 작품 8점,"10:00~18:00(입장마감 17:20)▒문화가 있는 날(매월 마지막 주 수요일 및 금요일) 야간 연장 개관(10:00~21:00, 입장마감 20:20)▒문화의 달(2016년 9월 23일 ~ 10월 30일) 기존과 운영시간 동일▒매주 월요일 및 추석 당일 휴관","성인 3,000원, 청소년(13~24세) 2,000원, 어린이 1,000원▒성인 1,500원, 청소년(13~24세) 1,000원, 어린이 500원▒▒문화가 있는 날 전체 관람객 무료입장▒문화의 달 전체 관람객 무료입장",,,https://soma.kspo.or.krhttps://soma.kspo.or.krhttps://soma.kspo.or.kr/manage/upload_files/display/2019/01/07/87dc148c-4afd-4158-b915-98e4bcf3021a.jpg,2016_어느곳도아닌이곳_포스터.pdf_page_1.jpg,SOME WHERE NO WHERE,,11932
1관,"그다음 몸_담론, 실천, 재현으로서의 예술",20160610,20160828,P,종료    ,소마미술관 전관,,,국민체육진흥공단 소마미술관,"김무영, 김옥선, 김인배, 김월식, 노승복, 니키리,박보나, 박진아, 백남준, 안은미, 오석근, 유목연,이병호, 이우성, 차학경 총 15명","회화, 조각, 사진, 설치, 영상, 퍼포먼스 등 총 100여점","10:00~18:00(입장마감 17:20)▒문화가 있는 날(매월 마지막 주 수요일 및 금요일) 야간 연장 개관(10:00~21:00, 입장마감 20:20)▒매주 월요일 휴관","성인 3,000원, 청소년(13~24세) 2,000원, 어린이 1,000원▒성인 1,500원, 청소년(13~24세) 1,000원, 어린이 500원▒▒문화가 있는 날 전체 관람객 무료입장",,,https://soma.kspo.or.krhttps://soma.kspo.or.krhttps://soma.kspo.or.kr/manage/upload_files/display/2019/01/15/4321df71-3721-4ce6-997d-08bcc56a3088.jpg,"그 다음 몸_담론, 실천, 재현으로서의 예술.jpg",BODY MATTERS,,7501
1관,"안녕, 푸",20190822,20200202,P,종료    ,소마미술관 1관,20190821,1700,"국민체육진흥공단, 빅토리아 앤 알버트 뮤지엄 / 소마미술관, ㈜바이스","E.H.쉐퍼드의 오리지널 드로잉, A.A.밀른의 원고 및 편지, 사진 등",곰돌이 푸 원작 속 이야기 소재 230여 점,"[8.22~11.30]10:00~20:00(입장마감 19:00)_[12.1~2.2]10:00~18:00(17:00)▒문화가 있는 날(매월 마지막 수요일) 야간 연장개관(10:00~21:00, 입장마감 20:00)▒매주 월요일 휴관","성인(만19세~64세)_15,000원/청소년(만13세~18세)_12,000원/어린이(36개월이상~만12세)_9,000원▒2,000원 할인 ▒.▒무료_36개월 미만, 장애인 중증(기존 1~3급) 본인 및 동반 1인, 국가유공자 본인▒특별할인_8,000원_만 65세 이상, 장애인 경증(기존 4~6급) 본인, 국가유공자 유족 본인▒예술인 패스 소지자는 청소년 요금 적용▒문화가 있는 날 : 오후 6시 이후 입장시 50% 할인",,,https://soma.kspo.or.krhttps://soma.kspo.or.krhttps://soma.kspo.or.kr/manage/upload_files/display/2019/12/30/9902792a-4dc3-435e-9c37-f7dce7b588c3.jpg,20191230.jpg,Winnie the Pooh-Exploring a Classic,,22997
1관,소마드로잉센터 아카이브 등록작가 초대展 &ldquo;소마 드로잉_무심(無心)&rdquo;,20151030,20160214,P,종료    ,소마미술관 1~4 전시실,,,국민체육진흥공단 소마미술관,총 230명,"드로잉, 회화, 조각, 오브제, 사진, 영상, 설치 총 230여점","10:00~18:00(입장마감 17:20)▒도슨트 시간 : [화~금] 오후 2시, 4시 [주말] 오전 11시, 오후 1시, 2시, 4시▒문화가 있는 날(매월 마지막 주 수요일 및 금요일) 야간 연장 개관(10:00~21:00, 입장마감 20:20)▒매주 월요일 및 1월 1일, 설날 당일 휴관","성인 3,000원, 청소년(13~24세) 2,000원, 어린이 1,000원▒성인 1,500원, 청소년(13~24세) 1,000원, 어린이 500원▒▒문화가 있는 날 전체 관람객 무료 입장",,,https://soma.kspo.or.krhttps://soma.kspo.or.krhttps://soma.kspo.or.kr/manage/upload_files/display/2019/01/08/57778404-8fb8-4849-bfb0-1bea07ea35c5.jpg,2015_소마드로잉_포스터.pdf_page_1.jpg,SOMA DRAWING Mindful Mindless,,6684
1관,&lt;표정과 몸짓_소마미술관 소장품&gt;展,20150917,20151018,P,종료    ,"소마미술관 제 1 ~ 4 전시실, 비디오아트홀",,,KSPO(국민체육진흥공단) 소마미술관,"백남준, 박수근, 박고석, 이승택 등 총 50여명","회화, 드로잉, 사진, 조각, 영상 등 총 130여점","10:00~18:00(입장마감 17:20)▒도슨트 시간 : [화~금] 오후 2시, 4시 [주말] 오전 11시, 오후 1시, 2시, 4시▒매주 월요일 및 추석 당일 휴관","성인, 대학생 3,000원, 청소년(13~18세), 예술인패스 소지자 2,000원, 어린이(12세 이하) 1,000원▒성인, 대학생 1,500원, 청소년(13~18세), 예술인패스 소지자 1,000원, 어린이(12세 이하) 500원▒만 4세미만, 만 65세 이상, 국가유공자, 장애인 무료▒",,,https://soma.kspo.or.krhttps://soma.kspo.or.krhttps://soma.kspo.or.kr/manage/upload_files/display/2019/01/15/4321b1de-7c41-4d58-9322-501fbbba1fa1.jpg,표정과 몸짓_소마미술관 소장품.jpg,Expressions and Gestures,,3694
1관,SOMA 야외 프로젝트 S,20150918,20151018,P,종료    ,"소마미술관 5전시실, 미술관 야외 공간",,,"국민체육진흥공단, 소마미술관","국형걸+전병삼, 조은필+유재우, 양수인+카입, 손몽주+안용대, 천대광+장영철 이상 총 10명","설치, 사진, 영상, 모형, 드로잉 작품 20여점","10:00~18:00(입장마감 17:20)▒도슨트 시간 : [화~금] 오후 2시, 4시 [주말] 오전 11시, 오후 1시, 2시, 4시▒매주 월요일 및 추석 당일 휴관","성인, 대학생 3,000원, 청소년(13~18세), 예술인패스 소지자 2,000원, 어린이(12세 이하) 1,000원▒성인, 대학생 1,500원, 청소년(13~18세), 예술인패스 소지자 1,000원, 어린이(12세 이하) 500원▒만 4세미만, 만 65세 이상, 국가유공자, 장애인 무료▒",,,https://soma.kspo.or.krhttps://soma.kspo.or.krhttps://soma.kspo.or.kr/manage/upload_files/display/2019/01/15/a79e4d24-8bb9-4671-a7c4-736f46695357.jpg,SOMA 야외 프로젝트 S.jpg,SOMA outdoor project S,,2033
1관,"밀레, 모더니즘의 탄생",20150125,20150510,P,종료    ,소마미술관(올림픽공원 내),,,"국민체육진흥공단, 서울경제, 한국일보문화사업단",,"밀레(25점), 바르비종 &amp;amp;amp;amp; 퐁텐블로 풍경화가(39점) 등 총 20인의 작품 64점","[월, 화, 수, 목, 주말, 공휴일] 10:00~20:00(입장마감 19:20)▒[금] 10:00~21:00(입장마감 20:20)▒매월 마지막 주 월요일 휴관","성인(만19~64세) 14,000원, 청소년(만13~18세) 10,000원, 어린이(만7~12세 이하) 8,000원▒성인(만19~64세) 12,000원, 청소년(만13~18세) 8,000원, 어린이(만7~12세 이하) 6,000원▒만 4세미만, 만 65세 이상, 국가유공자 본인, 장애인(1-3급 본인과 보호자 1인) 무료▒특별요금 (6,000원) 만 65세 이상(신분증 지참시), 장애인 4-6급, 미취학아동 만4-6세, 국가유공자유족증 소유자(본인), 독립유공자유족증 소유자(본인), 의사상자유족증 소유자▒한국문화예술위원회에서 발행한 예술인패스 소지자(본인)는 성인 단체요금(12,000)으로 관람하실 수 있습니다.",,,https://soma.kspo.or.krhttps://soma.kspo.or.krhttps://soma.kspo.or.kr/manage/upload_files/display/2019/01/15/f471cf12-e0db-46cf-b18a-b678e3755c4b.jpg,"밀레, 모더니즘의 탄생.JPG","Millet, Barbizon &amp; Fontainebleau",,17335
1관,Retro_86~88,20141114,20150111,P,종료    ,소마미술관 제 1~5전시실,,,국민체육진흥공단 소마미술관,"이상현, 조지 리키 외 총 40~50명","조각, 설치 ,회화, 드로잉, 사진자료 등 60~80여점","10:00~18:00(입장마감 17:20)▒도슨트 시간 : [화~금] 오후 2시, 4시 [주말] 오전 11시, 오후 1시, 2시, 4시▒매주 월요일 휴관","성인 3,000원, 청소년(13~24세) 2,000원, 어린이 1,000원▒성인 1,500원, 청소년(13~24세) 1,000원, 어린이 500원▒만 4세미만, 만 65세 이상, 국가유공자, 장애인 무료▒예술인패스 및 대학교 학생증 소지자 (청소년 요금 적용)",,,https://soma.kspo.or.krhttps://soma.kspo.or.krhttps://soma.kspo.or.kr/manage/upload_files/display/2019/01/08/04f252e4-c0fc-4335-8547-6f9c55010609.jpg,2014_Retro86-88_포스터.jpg,Retro_86~88,,4569
1관,"Into Drawing 24 부정이 아닌 시치미, 긍정이 아닌 너스레",20140815,20140831,P,종료    ,소마드로잉센터 전시실(제5전시실),,,국민체육진흥공단 소마미술관,김은숙 Eunsook Kim,공간설치작품,10:00~18:00(입장마감 17:00)▒매주 월요일 및 추석당일 휴관,▒▒▒메인 전시 (Water_천진난만) 관람 시 무료 관람,,,https://soma.kspo.or.krhttps://soma.kspo.or.krhttps://soma.kspo.or.kr/manage/upload_files/display/2019/01/08/302d38a0-35ef-4ab0-b288-7be36acc50c1.jpg,D2014_into drawing24_포스터.pdf_page_1.jpg,"Into Drawing 24_Feigned innocence rather than Negative, Idle remarks rather than Positive",,687
1관,Water_천진난만,20140815,20141026,P,종료    ,소마미술관 1~4 전시실 및 야외 공간,,,국민체육진흥공단 소마미술관,"강은수, 김연, 김창겸, 김창환, 박상화 ,박정선(1), 박정선(2), 백남준, 변경수, 부지현, 송창애, 안규철, 안종연, 원성원, 이기봉, 이상원, 이예린, 이용제, 정기엽, 폴 뷔리, 하원, 한호 총 22명","조각, 설치, 영상, 회화, 사진, 드로잉 등 총 40여점","10:00~18:00(입장마감 17:00)▒도슨트 시간 : [화~금] 오후 2시, 4시 [주말] 오전 11시, 오후 1시, 2시, 4시▒매주 월요일 및 추석 당일 휴관","성인 3,000원, 청소년(13~24세) 2,000원, 어린이 1,000원▒성인 1,500원, 청소년(13~24세) 1,000원, 어린이 500원▒만 4세미만, 만 65세 이상, 국가유공자, 장애인 무료▒예술인 패스 소지자 및 대학교 학생증 소지자는 청소년 요금 적용",,,https://soma.kspo.or.krhttps://soma.kspo.or.krhttps://soma.kspo.or.kr/manage/upload_files/display/2019/01/08/58609c86-4be4-4515-8b70-683fc8768c77.jpg,2014_Water-천진난만_포스터.pdf_page_1.jpg,WATER_INNOCENCE,,7318
1관,몸의 사유_Thoughts on Body,20121005,20121216,P,종료    ,소마미술관 제1~4전시실,,,국민체육진흥공단 소마미술관,"권오상, 김기라, 김준, 데비한, 문성원, 변웅필, 육근병, 이동재, 이병호, 이용백, 이형구, 최수앙(총12명)","드로잉, 회화, 조각, 영상, 설치 등 50여점",10:00~18:00(입장마감 17:00)▒매주 월요일 휴관,"성인 3,000원, 청소년(13~24세) 2,000원, 어린이 1,000원▒성인 1,500원, 청소년(13~24세) 1,000원, 어린이 500원▒▒문화의 날(10월 20일) 무료관람▒Soma가는 날(10월 27일, 11월 24일) 무료관람",,,https://soma.kspo.or.krhttps://soma.kspo.or.krhttps://soma.kspo.or.kr/manage/upload_files/display/2019/01/08/0e1f2176-c3a8-4138-bc41-c9cd72f2b50e.jpg,2012_몸의사유_포스터.jpg,Thoughts on Body,,6410
1관,작가 재조명전 &#39;쉬지 않는 손&#39;,20071018,20080106,P,종료    ,소마미술관,,,국민체육진흥공단,"김주호, 박한진, 이건용",50여 점,10:00~18:00(입장마감 17:00)▒매주 월요일 휴관,▒▒▒,,,https://soma.kspo.or.krhttps://soma.kspo.or.krhttps://soma.kspo.or.kr/manage/upload_files/xhbt/image/2007110918060946419.jpg,2007110918060946419.jpg,"Artist Rediscovered_Restless Hand, Wandering Mind",,11815
1관,누보 팝(Les Nouveaux Pop),20070712,20070930,P,종료    ,소마미술관,,,국민체육진흥공단,크레킹 아트 회 9명,70여 점,10:00~18:00(입장마감 17:00)▒매주 월요일 휴관,▒▒▒,,,https://soma.kspo.or.krhttps://soma.kspo.or.krhttps://soma.kspo.or.kr/manage/upload_files/display/2019/01/08/4a41794d-312e-4a28-a1bf-24b862fdc532.jpg,2007_누보팝_포스터.pdf_page_1.jpg,Les Nouveaux Pop,,17554
1관,막긋기(Drawn to Drawing II),20070215,20070318,P,종료    ,소마미술관,,,국민체육진흥공단,고지영 외 43명,100여 점,10:00~18:00(입장마감 17:00)▒매주 월요일 휴관,▒▒▒,,,https://soma.kspo.or.krhttps://soma.kspo.or.krhttps://soma.kspo.or.kr/manage/upload_files/xhbt/image/2007013018034152966.jpg,2007013018034152966.jpg,Drawn to Drawing II,,9332
1관,서울올림픽미술관 사진전『공원 The Park』,20051209,20060219,P,종료    ,서울올림픽미술관 제 1~5 전시실,,,서울올림픽미술관 / 국민체육진흥공단,김광수 외 13명,사진작품 70여점,10:00~18:00(입장마감 17:00)▒매주 월요일 휴관,▒▒▒,,,https://soma.kspo.or.krhttps://soma.kspo.or.krhttps://soma.kspo.or.kr/manage/upload_files/xhbt/image/2005112816432486783.jpg,2005112816432486783.jpg,The PARK,,8016
1관,"한국&middot;스페인 특별전_마주하는 풍경, 일상의 시선",20210323,20210725,P,종료    ,소마미술관 1관 1~5전시실,20210323,1300,국민체육진흥공단 소마미술관,"김명희, 서용선, 최진욱, 헤수스 수스 몬따예스, 하비에르 그라나도스, 조르디 핀토",한국 및 스페인 작가 6명의 회화 및 입체 작품 70여점,10:00~18:00(입장마감 17:30),"성인(만25~63세) 3,000원, 청소년(만13~24세) 2,000원, 어린이(만7~12세) 1,000원▒성인 1,500원, 청소년 1,000원, 어린이 500원▒만6세이하, 만65세 이상, 장애인, 국가유공자▒대학생, 예술인패스 소지자는 청소년요금 적용▒통합권(1,2관 관람) 이용 시 : 성인 4,000원, 청소년 3,000원, 어린이 1,000원  ※ 단체 50%할인 적용",,,https://soma.kspo.or.krhttps://soma.kspo.or.krhttps://soma.kspo.or.kr/manage/upload_files/display/2021/03/23/47c06fdd-a6db-4bf9-939d-d97ffda5d4c2.jpg,스페인전 포스터(0323).jpg,"The Scenery We Face, Our Daily Gaze","SOMA is holding &lt;The Scenery We Face, Our Daily Gaze&gt;, a special, joint exhibition of Korea and Spain, to offer the chance to view our normal daily sceneries from a different perspective and reconsider their meaning. With the common topic of &ldquo;daily sceneries&rdquo;, we aim to view the daily gaze of artists from Korea and Spain and reflect upon our changing daily lives.,,Even common sceneries from the mundane and repetitive daily lives that we may otherwise pass by are engraved as one of the many impressive sceneries through the perspective and experience of each artist, and these impressions further integrate themselves with the screens to draw yet another impression as a new image. In this exhibition, we can enjoy the various perspectives of six artists, including MyongHi, Kim, YongSun Suh, GeneUk Choi, Jes&uacute;s Sus Monta&ntilde;&eacute;s, Javier Granados, and Jordi Pint&oacute;, on their daily lives through an intersecting form and study different methods of the perspectives on the world of both countries by classifying their works by keywords, including &lsquo;contemplation&rsquo;, &lsquo;capture&rsquo;, &lsquo;phenomenon&rsquo;, &lsquo;observation&rsquo;, &lsquo;pleasure&rsquo;, and &lsquo;imagination&rsquo;.,,MyongHi Kim (1949~) uses oil pastel on blackboards as her formative media, an artistic choice, which evokes childhood memories of school life, to depict various people in their daily lives, such as children, women, and students. From spending her childhood abroad due to her parents&rsquo; careers as diplomats to her daily life travelling back and forth between her workspace in Naepyeong-ri, Chuncheon, that she has renovated from an abandoned school, to Soho, New York, the context overlaps with her thematic consciousness crossing space and time from the past to the present. Her unique method of expression, with clear lighting and shading incorporates an illumination of her human subject brightly against a dark background, casts her gaze upon the person and the object with a quiet, contemplative attitude and brings forth deep contemplations and soul-searching. ,,On the other hand, YongSun Suh (1951~) captures daily sceneries to describe the perspectives and hidden aspects of society that are hidden. Having experienced the urbanization of Seoul firsthand, he expresses various topics, such as self-portraits, cities, nature, history, and myths, in vibrant, reddish colors and forms to continuously study matters related to human existence. He specializes in directly capturing city dwellers in &lt;People on the Street&gt;, &lt;People in the Bus&gt;, and other works of the like. Characters that appear in his work are usually drawn with simple lines lacking any expression, conveying the anonymity of urban sprawl.,,GeneUk Choi (1956~) paints the  phenomena of daily sceneries from a realistic perspective. He endlessly lobs the fundamental question, &ldquo;What is painting?&rdquo;, and subsequently paints realistic sceneries such as those in his neighborhood, subway station, and workspace, in his own style. The extant, realistic sceneries are formed anew with his fast, unrefined, and dynamic touch, as well as a gamut of colors through his view. Although his work may depict the reality that we are facing, it inspires a different emotion and forces us to reflect upon the existence and essence of painting in itself.,,,The work of Jes&uacute;s Sus Monta&ntilde;&eacute;s (1945~) closely describes the daily lives and common sceneries in Spain. He observes crowds on streets, in markets, at carnivals, and attending festivals in Spain, and then expresses their emotions with passionate lines and colors. The people depicted in his work are not specific individuals, but rather normal people we may each encounter in our own lives. His unique colors are warm and bright, and the natural movement of his subjects emanate vitality through detailed brushstrokes, expressing the peaceful, yet active vistas of Spain.,,,Javier Granados (1964~), who majored in veterinary science but is currently an active artist, understands objects intuitively and expresses them pleasingly with robust colors and unassuming shapes. The artist illustrates the daily life of a woman in his own witty and humorous way, and his voluminously exaggerated characters are quirkily lovely. Though he is simply portraying a woman who is having an ordinary day, carrying out activities such as remaining at home, dancing, or swimming, through the robustly-hued backgrounds contrasting with the character sketched with simple lines, he dramatically emphasizes the character and breathes new life into the mundane to create something exceptional. ,,,Meanwhile, the work of Jordi Pint&oacute; (1968~) representing the keyword imagination, replaces the normal sceneries in our daily lives with imaginative utopias. The characters that appear in his work are predominantly families and lovers who may be commonly viewed in our daily lives. However, by daringly skipping their facial features and simplifying their overall shapes, it becomes scenery of a different world, far removed from reality. He is describing ordinary days&rsquo; events, such as dinner with families, reunions with loved ones, and taking a walk, yet he is also providing us with pleasant and blissful experiences as though traveling through an imaginary world life with warm colors, unrealistic backgrounds, and luminous skies.,,Through the different viewpoints of the six artists from Korea and Spain on the expressions of our daily lives, we can come face to face with daily sceneries that are ordinary, yet special. The daily lives we are now reshaping will belike paintings that can re-create our lives as new scenery. Through our experienced daily lives of yesterday and today, we can re-create novel daily lives in our hearts that will be drawn anew.",19110
1관,건축적인 조각_경계면과 잠재적 사이,20140307,20140511,P,종료    ,소마미술관 1~ 5전시실 및 미술관 건물 야외 및 잉여 공간,,,국민체육진흥공단 소마미술관,"공수경, 문경원, 박성연, 오인환, 유영호, 이길래, 이수진, 이창훈, 장윤규, 정승운, 정재철, 정해련, 채우승, 천성명, 홍명섭, AnLstudio(안기현, 이민수, 신민재), Louise Bourgeois 이상 총 17명","입체, 설치, 미디어 작품 40여점","10:00~18:00(입장마감 17:00)▒도슨트 시간 : [화~금] 오후 2시, 4시 [주말] 오전 11시, 오후 1시, 2시, 4시▒매주 월요일 휴관","성인 3,000원, 청소년(13~24세) 2,000원, 어린이 1,000원▒성인 1,500원, 청소년(13~24세) 1,000원, 어린이 500원▒▒",,,https://soma.kspo.or.krhttps://soma.kspo.or.krhttps://soma.kspo.or.kr/manage/upload_files/display/2019/01/15/8d197bae-45c0-455b-a245-8d1901b98e84.jpg,건축적인 조각_경계면과 잠재적 사이.jpg,SPACE CRAFT - Interface and Potential Space,,9950
1관,잘긋기(Drawn to Drawing),20061116,20070121,P,종료    ,소마미술관,,,소마미술관 / 국민체육진흥공단,"강경구, 김 범, 김영실, 김 을, 김인배, 김지원, 김태헌, 김학량, 김호득, 류장복, 문성식, 박기원, 박미나, 박미현, 박용석, 배영환, 배종헌, 성능경, 안규철, 안두진, 안수연, 염성순, 오인환, 유근택, 윤동구, 이기칠, 이미경, 이부록, 이상국, 이순종, 정동석, 정승운, 잭슨홍, 주재환, 지니서, 진기종, 최진기, 허윤희, 홍명섭, 황은정(총 40인)",80여 점,10:00~18:00(입장마감 17:00)▒매주 월요일 휴관,▒▒▒,,,https://soma.kspo.or.krhttps://soma.kspo.or.krhttps://soma.kspo.or.kr/manage/upload_files/xhbt/image/2006110915510645491.jpg,2006110915510645491.jpg,Drawn to Drawing,,12291
1관,부드러움(Budro_um : Softness),20060914,20061102,P,종료    ,소마미술관,,,소마미술관,"김시연, 김윤수, 김종구, 김주현, 김 준, 김홍석, 김희경, 목진요, 신미경, 우순옥, 이용백, 정광호, 정재철, 황혜선(총 14인)",20여 점,10:00~18:00(입장마감 17:00)▒매주 월요일 휴관,▒▒▒,,,https://soma.kspo.or.krhttps://soma.kspo.or.krhttps://soma.kspo.or.kr/manage/upload_files/display/2019/01/16/9e687a38-872b-4bb3-ba88-c0e8df30096b.jpg,부드러움 원래파일.jpg,Budro_um : Softness,,12249
1관,정지와 움직임 展,20040916,20041128,P,종료    ,서울올림픽미술관,,,서울올림픽미술관,"강용면, 김 석, 김영원 김태곤, 문 주, 박석원, 박성태, 서도호, 심문섭, 안규철, 안필연, 양만기, 우순옥, 유영교, 유현미, 윤석남, 윤영석, 이승택, 이재효, 이종비, 정 현, 전수천, 조성묵, 채미현, 최만린, 최우람, 최인수, 홍순명",28 점,10:00~18:00(입장마감 17:00)▒매주 월요일 휴관,▒▒▒,,,https://soma.kspo.or.krhttps://soma.kspo.or.krhttps://soma.kspo.or.kr/manage/upload_files/xhbt/image/2004102510324399449.jpg,2004102510324399449.jpg,Stillness &amp; Movement,,11220
1관,Into Drawing 27 증 / 층,20151030,20151115,P,종료    ,소마드로잉센터 전시실(제5전시실),,,국민체육진흥공단 소마미술관,이정동 Jungdong Lee,"드로잉, 설치 등 10여점",10:00~18:00(입장마감 17:20)▒매주 월요일 휴관,▒▒▒메인 전시 (소마 드로잉_무심) 관람 시 무료 관람,,,https://soma.kspo.or.krhttps://soma.kspo.or.krhttps://soma.kspo.or.kr/manage/upload_files/display/2019/01/08/55113501-9b4f-491a-9045-98e2fc435e18.jpg,D2015_인투드로잉27-포스터.pdf_page_1.jpg,Into Drawing 27_Multiplication / Layering,,1641
1관,素畵-한국 근현대 드로잉,20190412,20190623,P,종료    ,소마미술관 1관,20190411,1700,국민체육진흥공단/소마미술관,"김수자, 김종영, 김환기, 문  신, 박생광, 박서보, 박수근, 박이소, 백남준, 서세옥, 신학철, 오  윤, 오지호, 이승택, 이우환, 이응노, 이인성, 이중섭, 임옥상, 장욱진, 천경자, 최병소, 한  묵 등",국내작가 200여명의 드로잉 300여점,"10:00~18:00(입장마감 17:00)▒문화가 있는날(매월 마지막 주 수요일) 야간 연장 개관(10:00~21:00,입장마감20:00)▒매주 월요일 휴관","성인(25세~64세) 3,000원, 청소년(13세~24세) 2,000원, 어린이(7세~12세) 1,000원 ▒성인 1,500원, 청소년(13세~24세) 1,000원, 어린이 500원 ▒만 6세이하, 만 65세 이상, 국가유공자, 장애인 무료 ▒20인 이상 단체관람의 인솔교사 1명 무료 ▒ ▒예술인 패스 소지자는 청소년 할인 요금 적용 (2,000원)",,,https://soma.kspo.or.krhttps://soma.kspo.or.krhttps://soma.kspo.or.kr/manage/upload_files/display/2019/03/13/fdc4b0ae-ab51-4045-9c44-0576a3c7aa08.jpg,190313.jpg,Drawing-Korean Modern and Contemporary Drawings,,9286
1관,류인-파란에서 부활로,20201110,20201206,P,종료    ,소마미술관 1관 1~5전시실,20201001,0000,국민체육진흥공단 소마미술관,조각가 故 류인,"조각, 설치, 드로잉, 자료 등 100여점",10:00~18:00 (입장마감 17:30),▒▒▒본 전시에 한하여 12월 6일까지 &#39;무료&#39;,,,https://soma.kspo.or.krhttps://soma.kspo.or.krhttps://soma.kspo.or.kr/manage/upload_files/display/2020/11/24/d7ef212f-0f26-45c9-8b08-7a360e5b0615.jpg,포스터(무료안내)2.jpg,In Ryu-Awakening,"The Seoul Olympic Museum of Art (SOMA) has routinely held exhibitions titled Artists Rediscovered, the first of which was Jooho Kim, Hanjin Park, Kunyong Lee &mdash;Restless Hand, Unfixed Spirit. These exhibitions including Sunghy Shin&mdash;Soonja Han (2009) and TchahSup Kim, Soocheon Jheon, Ai Kyu Hahn &mdash;Deep Breath (2014) have been continuously organized in the form of a two-man or three-man exhibition. This type of art show has given prominence to both the spirit of artists and the spirit of the times through works by artists who are deemed worthy of having their art re-examined from the perspective of contemporary Korean art trends. Such an exhibition was also designed to take a closer look at an artist&rsquo;s worldview and art world in the form of a retrospective from Changbae Hwang &mdash;The Tent of Delights in 2018. ,,This year&rsquo;s Artists Rediscovered exhibition is intended to lay out the story of In Ryu (July 20, 1956-January 11, 1999), a sculptural genius who died at a young age. 2019 marks 20 years since he has passed. In the winter of 1999, a roaring artistic soul died away in a flurry. A graduate of sculpture from Hongik University and its graduate school, Ryu gained a reputation as a distinguished sculptor of figurative Korean sculpture while tackling the human body in a traditional manner coupled with contemporary expression. While accomplishing his artistic feats, he passed away at the young age of 43. He left behind approximately 70 sculptures and installations that were made over the course of 10 years, a relatively short period in terms of artistic activities. This exhibition comprehensively covers the entirety of his artistic practices. It spans 15 years from the period when he first began his artistic activities in earnest with his winning of a special prize at the Korean Mokwoohoe Fine Art Association Contest in 1983 to the suspension of his work in 1997 due to bad health. It also features diverse archived materials that provide a glimpse of his concerns about and experimentations with the themes he had delved into throughout his life. ,In short, the exhibition consists of five themes that pigeonhole In Ryu&rsquo;s works: From Clay, Entering the Mountains&mdash;Descending the Mountains, The Stage of Life, Portraits of Contemporaries, and The Spirit of a Sculptor. The artist expressed his ideas about his work through his interviews with the press and contributions to the media over the course of his lifetime. His statements, which could be references for each theme, were extracted from his interviews to help understand and appreciate his pieces. If we were to appreciate his works while reflecting on his statements, his serious and blind aspiration for sculpture would be conveyed by the way it deeply resonates with our hearts. On display in the archive space are various aspects of his life and art as exemplified by multiple types of materials, such as drawings and maquettes for coming up with works, notes that showcase his studies of anatomy, replicas of his hand made before and after his death, books and newspapers he referred to while working, and news articles and TV broadcasting videos featuring his life and art.",13209
1관,반 고흐에서 피카소까지,20070407,20070520,P,종료    ,소마미술관,,,"국민체육진흥공단, 조선일보사","르누아르, 반 고흐, 고갱, 모딜리아니, 피카소, 로댕 등 총 51인","회화, 드로잉, 조각 등 총 94점",11:00~20:00,▒▒▒,,,https://soma.kspo.or.krhttps://soma.kspo.or.krhttps://soma.kspo.or.kr/manage/upload_files/display/2019/01/15/7b8ab5c5-6108-4f6e-8716-2d664e86c76e.jpg,반 고흐에서 피카소까지.jpg,Van Gogh To Picasso,,14896
1관,백남준 탄생 80주년기념 특별전,20120706,20120916,P,종료    ,"소마미술관(제1~4전시실, 백남준 비디오아트홀), 몽촌해자(올림픽공원 내)",,,국민체육진흥공단 소마미술관,백남준,"미디어아트, 드로잉, 판화 등 총 240여점",10:00~18:00(입장마감 17:00)▒매주 월요일 휴관,"성인 3,000원, 청소년(13~24세) 2,000원, 어린이 1,000원▒성인 1,500원, 청소년(13~24세) 1,000원, 어린이 500원▒▒",,,https://soma.kspo.or.krhttps://soma.kspo.or.krhttps://soma.kspo.or.kr/manage/upload_files/display/2019/01/15/8d50bb0e-b529-41f5-8102-9bdedbabcb99.jpg,백남준.jpg,Nam June Paik Spectrum,,12458
1관,Into Drawing 20 길이 된 사람들,20121129,20121216,P,종료    ,소마미술관 제5전시실,,,국민체육진흥공단 소마미술관,김순임 Soonim Kim,"드로잉,설치 약 10여점",10:00~18:00(입장마감 17:00)▒매주 월요일 휴관,"성인 3,000원 / 청소년 2,000원 / 어린이 1,000원▒▒▒메인전시 (몸의 사유) 관람 시 무료 관람",,,https://soma.kspo.or.krhttps://soma.kspo.or.krhttps://soma.kspo.or.kr/manage/upload_files/display/2019/01/08/7bf8b02e-611f-4a40-b5b6-a8bc9ae39e0a.jpg,D2012_인투드로잉20_포스터.jpg,Into Drawing 20_On the Road,,1495
1관,한국조각 다시보기_ 그 진폭과 진동,20111209,20120226,P,종료    ,소마미술관 전관,,,국민체육진흥공단 소마미술관,"강진모, 구본주, 김기철, 김종영, 김주영, 김 준, 김태곤, 박충흠, 손정은, 심문섭, 안수진, 엄태정, 원인종, 이기칠, 이소영, 이용덕, 정재철, 최만린, 최병상, 최의순, 최종태, 함연주 등 총 22명",조각작품 총 22점,"10:00~18:00(입장마감 17:00)▒매주 월요일, 1월 1일,  설날 당일 휴관","성인 3,000원, 청소년(13~24세) 2,000원▒성인 1,500원, 청소년(13~24세) 1,000원▒▒어린이(12세미만) 무료",,,https://soma.kspo.or.krhttps://soma.kspo.or.krhttps://soma.kspo.or.kr/manage/upload_files/display/2019/01/15/3355cf92-403e-4ca3-a41e-cf9b2b8be73b.jpg,한국조각 다시 보기2.jpg,Reviewing Korean Sculpture_Amplitude and vibration,,8084
1관,Into Drawing 15 순간을 벗다,20110909,20110925,P,종료    ,소마드로잉센터 전시실(제6전시실),,,국민체육진흥공단 소마미술관,이상민 Sangmin Lee,설치드로잉 약 10여 점,10:00~18:00(입장마감 17:00)▒매주 월요일 및 추석 당일 휴관,▒▒▒메인전시 (조각가의 드로잉) 관람 시 무료 관람,,,https://soma.kspo.or.krhttps://soma.kspo.or.krhttps://soma.kspo.or.kr/manage/upload_files/display/2019/01/08/8b3b75c8-a412-4065-9523-d42d3fd3c8c3.jpg,D2011_인투드로잉15_포스터.pdf_page_1.jpg,Into Drawing 15_Out of Still,,1093
1관,조각가의 드로잉,20110909,20111120,P,종료    ,소마미술관 제1~5전시실,,,국민체육진흥공단 소마미술관,"강은엽, 강태성, 김영원, 김청정, 박불똥, 박상숙, 박석원, 엄태정, 윤석남, 이승택, 이우환, 이종각, 이종빈, 이형구, 전준, 최만린, 최인수, 홍성도","드로잉, 조각, 설치 등 총 100여점",10:00~18:00(입장마감 17:00)▒매주 월요일 및 추석 당일 휴관,"성인 3,000원, 청소년(13~24세) 2,000원▒성인 1,500원, 청소년(13~24세) 1,000원▒▒어린이(12세이하) 무료",,,https://soma.kspo.or.krhttps://soma.kspo.or.krhttps://soma.kspo.or.kr/manage/upload_files/display/2019/01/08/57e7c448-77c4-486b-9cbb-9c7405874035.jpg,2011_조각가의 드로잉_포스터.pdf_page_1.jpg,Sculptors&#39; Drawing,,5428
1관,Drawing Now 04 그림에 새긴 문자,20110401,20110424,P,종료    ,소마미술관 제6전시실,,,국민체육진흥공단 소마미술관,김혜련 Heryun Kim,드로잉 35점,10:00~18:00(입장마감 17:00)▒매주 월요일 휴관,▒▒▒메인전시 (Type Wall) 관람 시 무료 관람,,,https://soma.kspo.or.krhttps://soma.kspo.or.krhttps://soma.kspo.or.kr/manage/upload_files/display/2019/01/08/b55034c9-aa02-4ecb-be11-add5cc117606.jpg,D2011_드로잉나우04_포스터.pdf_page_1.jpg,Drawing Now 04_Letters Carved on Painting,,1117
1관,Into Drawing 13 현상을 잡다,20110126,20110213,P,종료    ,소마미술관 드로잉센터전시실[6전시실],,,국민체육진흥공단 소마미술관,권  혁 Hyuk Kwon,드로잉 설치,"10:00~18:00(입장마감 17:00)▒매주 월요일, 신정, 설날 당일 휴관","▒▒만 4세미만, 만 65세 이상, 국가유공자, 장애인 무료▒메인전시 (내일_오픈아카이브) 관람 시 무료 관람",,,https://soma.kspo.or.krhttps://soma.kspo.or.krhttps://soma.kspo.or.kr/manage/upload_files/display/2019/01/08/f755c9f3-f774-4fe7-aaae-2f05d7867585.jpg,D2010_IntoDrawing13_포스터_초청장.pdf_page_1.jpg,Into Drawing 13_Grasp the Pheomenon,,1039
1관,Into Drawing 11 보이지 않는 오브제,20101202,20101219,P,종료    ,소마미술관 드로잉센터전시실[6전시실],,,국민체육진흥공단 소마미술관,김병호 Byoungho Kim,드로잉 설치 약 10여 점,"10:00~18:00(입장마감 17:00)▒매주 월요일, 신정, 설날 당일 휴관","▒▒만 4세미만, 만 65세 이상, 국가유공자, 장애인 무료▒메인전시 (내일_오픈아카이브) 관람 시 무료 관람",,,https://soma.kspo.or.krhttps://soma.kspo.or.krhttps://soma.kspo.or.kr/manage/upload_files/display/2019/01/08/d5b3e901-e71d-4596-b191-c9ea30fe30d2.jpg,D2010_IntoDrawing11_포스터_초청장.pdf_page_1.jpg,Into Drawing 11_Invisible Object,,3839
1관,슈박스_Shoebox,20090709,20090816,P,종료    ,소마미술관 제3전시실,,,국민체육진흥공단 소마미술관,"총81명 (국내 3명 / 해외 78명) 한국, 일본, 대만, 중국, 미국, 영국, 스페인, 칠레, 노르웨이, 호주, 스코틀랜드, 프랑스, 캐나다, 핀란드, 독일, 페루 등 16개국 작가",소품조각 총 81점,10:00~18:00(입장마감 17:00)▒매주 월요일 휴관,▒▒▒,,,https://soma.kspo.or.krhttps://soma.kspo.or.krhttps://soma.kspo.or.kr/manage/upload_files/display/2019/01/08/67e5be06-b517-4e09-974c-d0432ec5bd26.jpg,2009_슈박스_리플릿.pdf_page_1.jpg,shoe box,,3928
1관,몸 주제 展 &ldquo;일부러 불편하게&rdquo;,20180608,20180819,P,종료    ,소마미술관 1 ~ 5전시실,,,국민체육진흥공단 소마미술관,"강기석, 강지윤, 고길숙, 김남현, 김지용, 신이피, 이은실, 이태욱, 이희명, 장서영, 장지아, 한계륜, 현주","회화, 드로잉, 사진, 조각, 영상, 설치 등 30여점","10:00~18:00(입장마감 17:20)▒문화가 있는날(매월 마지막 주 수요일) 야간 연장개관(10:00~21:00, 입장마감 20:20)▒매주 월요일 휴관","성인 3,000원, 청소년(13~24세) 2,000원, 어린이 1,000원▒성인 1,500원, 청소년(13~24세) 1,000원, 어린이 500원▒만 4세미만, 만 65세 이상, 국가유공자, 장애인 무료▒20인 이상 단체관람의 인솔교사 1명 무료▒재관람 고객 무료▒예술인 패스 소지자는 청소년 할인 요금 적용(2,000원)",/manage/upload_files/display/ebook/2019/01/08/fdb9f8fe-699c-4987-b17a-5d385e32f4dd.pdf,soma_일부러불편하게_최종.pdf,https://soma.kspo.or.krhttps://soma.kspo.or.krhttps://soma.kspo.or.kr/manage/upload_files/display/2019/01/07/3cf28a57-00ea-48ae-b6d6-b34e38c8aa8e.jpg,소마-일부러-불편하게-포스터.jpg,DISCOMFORT ON PURPOSE,,8789
1관,내가 사는 피부,20170317,20170430,P,종료    ,"소마미술관 제2~5전시실, 비디오아트홀, 세미나실",,,국민체육진흥공단 소마미술관,"노상균, 김일용, 한효석, 강우영, 조혜진, 김  준,오를랑, 김성수, 장  숙, 김윤경, 정지필, 이원석,배찬효, 도로시 M 윤, 최영민, 정혜경, 이혜림, 조영각","회화, 조각, 사진, 설치, 영상 등 총 99점","10:00~18:00(입장마감 17:20)▒문화가 있는 날(매월 마지막 주 수요일) 야간 연장 개관(10:00~21:00, 입장마감 20:20)▒매주 월요일 휴관",▒▒▒메인 전시(어느 곳도 아닌 이곳) 관람 시 무료 관람▒문화가 있는 날 전체 관람객 무료입장,,,https://soma.kspo.or.krhttps://soma.kspo.or.krhttps://soma.kspo.or.kr/manage/upload_files/display/2019/01/15/d10454fc-1124-4733-b974-dedd66f3915c.jpg,내가 사는 피부.jpg,La Piel Que Habito,,8243
1관,"&ldquo;힘, 아름다움은 어디에 있는가?&rdquo;展",20130712,20130922,P,종료    ,소마미술관 전관 및 야외전시공간,,,국민체육진흥공단 소마미술관,"강애란, 고명근, 김신일, 백남준, 서도호, 성동훈, 정현,  최태훈, 우웨이샨, 왕중, 인샤오펑, 오마키 신지, 안테나, 팀랩, 류포춘 총 15명(팀)","조각, 미디어, 설치 등 총 29점","10:00~18:00(입장마감 17:00)▒도슨트 시간 : [화~금] 오후 2시, 4시 [주말] 오전 11시, 오후 1시, 2시, 4시▒매주 월요일 휴관","성인 3,000원, 청소년(13~24세) 2,000원, 어린이 1,000원▒성인 1,500원, 청소년(13~24세) 1,000원, 어린이 500원▒▒",,,https://soma.kspo.or.krhttps://soma.kspo.or.krhttps://soma.kspo.or.kr/manage/upload_files/display/2019/01/09/c6cbeef0-4401-43ba-abf6-48d16ec2a8db.jpg,힘전-포스터최종.pdf_page_1.jpg,"POWER, WHERE DOES THE BEAUTY LIE?",,7557
1관,작가재조명_긴 호흡,20140530,20140727,P,종료    ,"소마미술관 제 1~5 전시실, 중정",,,국민체육진흥공단 소마미술관,"김차섭, 전수천, 한애규 총 3명","회화, 드로잉, 도예, 영상, 설치 등 약 120점","10:00~18:00(입장마감 17:00)▒도슨트 시간 : [화~금] 오후 2시, 4시 [주말] 오전 11시, 오후 1시, 2시, 4시▒매주 월요일 휴관","성인 3,000원, 청소년(13~24세) 2,000원, 어린이 1,000원▒성인 1,500원, 청소년(13~24세) 1,000원, 어린이 500원▒▒",,,https://soma.kspo.or.krhttps://soma.kspo.or.krhttps://soma.kspo.or.kr/manage/upload_files/display/2019/01/15/7078b5b0-1988-472a-9084-4fd779ca54e8.jpg,작가재조명_긴 호흡.jpg,Artist Rediscovered_Deep Breaths,,4065
1관,베를린에서 DMZ까지,20050615,20050821,P,종료    ,서울올림픽미술관 및 야외조각공원,,,"국민체육진흥공단, 문화관광부, 광복60주년기념문화사업추진위원회",국내외 작가 약 60여명,약 60여점,10:00~19:00,▒▒▒,,,https://soma.kspo.or.krhttps://soma.kspo.or.krhttps://soma.kspo.or.kr/manage/upload_files/display/2019/01/15/e4d871cb-dbb1-4a2d-9172-07536b07ceb9.jpg,베를린에서 DMZ까지.jpg,From the Fall of the Berlin Wall to DMZ,,11900
1관,만화로 보는 세상,20120406,20120617,P,종료    ,소마미술관 전관,,,국민체육진흥공단 소마미술관,"박수동, 신문수, 윤승운, 이정문, 황주환, 기안84, 정필원, 홍작가(만화작가), 김성재, 김영호, 김은술, 김채원, 노준, 마리김, 배준성, 변대용, 신명환, 신이철, 신창용, 여동헌, 이동기, 이슬기, 이에스더, 임태규, 장파, 장형선, 최정유(현대미술작가) 등 총 27명","평면, 입체, 영상 등 총 100여점",10:00~18:00(입장마감 17:00)▒매주 월요일 휴관(월요일이 공휴일인 경우 개관),"성인 3,000원, 청소년(13~24세) 2,000원, 어린이 1,000원▒성인 1,500원, 청소년(13~24세) 1,000원, 어린이 500원▒▒Soma 가는날(4월 28일, 5월 26일) 전체관람객 무료 입장",,,https://soma.kspo.or.krhttps://soma.kspo.or.krhttps://soma.kspo.or.kr/manage/upload_files/display/2019/01/08/9af8abfb-8b7e-493e-aacf-8e0fba45df0b.jpg,2012_만화로보는세상_포스터.jpg,CARTOON WORLD,,16531
1관,Into Drawing 12 들을 순 없지만...,20101229,20110116,P,종료    ,소마미술관 드로잉센터전시실[6전시실],,,국민체육진흥공단 소마미술관,장형선 HyoungSun Chang,드로잉 설치,"10:00~18:00(입장마감 17:00)▒매주 월요일, 신정, 설날 당일 휴관","▒▒만 4세미만, 만 65세 이상, 국가유공자, 장애인 무료▒메인전시 (내일_오픈아카이브) 관람 시 무료 관람",,,https://soma.kspo.or.krhttps://soma.kspo.or.krhttps://soma.kspo.or.kr/manage/upload_files/display/2019/01/08/7ce49c17-209c-4579-9411-7ad8fd6c38f8.jpg,D2010_IntoDrawing12_포스터_초청장.pdf_page_1.jpg,"Into Drawing 12_Can&#39;t hear you, but...",,1041
1관,Into Drawing 16 깊이에의 강요,20111007,20111023,P,종료    ,소마드로잉센터 전시실(제6전시실),,,국민체육진흥공단 소마미술관,홍승희 Seunghee Hong,공간 설치 작품,10:00~18:00(입장마감 17:00)▒매주 월요일 및 추석 당일 휴관,▒▒▒메인전시 (조각가의 드로잉) 관람 시 무료 관람,,,https://soma.kspo.or.krhttps://soma.kspo.or.krhttps://soma.kspo.or.kr/manage/upload_files/display/2019/01/08/ff810e5b-cdb0-484b-a12a-7d129c697247.jpg,D2011_인투드로잉16_포스터.pdf_page_1.jpg,Into Drawing 16_Der Zwangzur Tiefe,,1223
1관,동작의 전환,20161223,20170226,P,종료    ,소마미술관 1~5전시실,,,국민체육진흥공단 소마미술관,"최상철, 최선 총 2명","회화, 조각, 설치, 영상 작품 60여 점","10:00~18:00(입장마감 17:20)▒문화가 있는 날(매월 마지막 주 수요일) 야간 연장 개관(10:00~21:00, 입장마감 20:20)▒매주 월요일 및 1월 1일, 설날 당일 휴관","성인 3,000원, 청소년(13~24세) 2,000원, 어린이 1,000원▒성인 1,500원, 청소년(13~24세) 1,000원, 어린이 500원▒▒문화가 있는 날 전체 관람객 무료입장",,,https://soma.kspo.or.krhttps://soma.kspo.or.krhttps://soma.kspo.or.kr/manage/upload_files/display/2019/01/15/3acdef1d-c88f-46ed-b094-fc7375449c2e.jpg,동작의 전환.jpg,Transition of MOVEMENT,,2638
1관,Into Drawing 04 동물환상곡,20080703,20080720,P,종료    ,소마드로잉센터 전시실,,,소마미술관/SOSFO(국민체육진흥공단),김소연 Soyeon Kim,"평면, 설치 약 10여점",10:00~18:00(입장마감 17:00)▒매주 월요일 휴관,▒▒▒메인전시 (프랑스디자인의 오늘) 관람 시 무료 관람,,,https://soma.kspo.or.krhttps://soma.kspo.or.krhttps://soma.kspo.or.kr/manage/upload_files/display/2019/01/08/970bb747-3e8d-4869-8237-c632087de982.jpg,D2008_인투드로잉04-포스터.pdf_page_1.jpg,Into Drawing 04_Animal Fantasia,,3827
1관,Into Drawing 38 미안한데 너무 슬퍼서 말해 줄 수 없어요,20180803,20180819,P,종료    ,소마드로잉센터 전시실 (제6전시실),,,국민체육진흥공단 소마미술관,이준용 (Joonyong Yi),드로잉 400여점,"10:00~18:00(입장마감 17:20)▒문화가 있는날(매월 마지막 주 수요일) 야간 연장개관(10:00~21:00, 입장마감 20:20)▒매주 월요일 휴관",▒▒▒메인전시 (일부러 불편하게) 관람시 무료관람,,,https://soma.kspo.or.krhttps://soma.kspo.or.krhttps://soma.kspo.or.kr/manage/upload_files/display/2019/01/07/841ebcec-ae1e-4658-827b-c4df54150243.jpg,인투38-포스터-최종.jpg,Into Drawing 38_I&#39;m sorry but it&#39;s too sad to tell you,,2163
1관,Into Drawing 32 원더 풀 라이프,20161104,20161120,P,종료    ,소마드로잉센터 전시실(제1전시실),,,국민체육진흥공단 소마미술관,김제민 Jeimin Kim,"드로잉, 회화, 설치, 영상 등 30여점",10:00~18:00(입장마감 17:20)▒매주 월요일 휴관,▒▒▒메인전시 (어느 곳도 아닌 이곳) 관람 시 무료 관람,,,https://soma.kspo.or.krhttps://soma.kspo.or.krhttps://soma.kspo.or.kr/manage/upload_files/display/2019/01/09/62cd1613-633a-4769-ada8-816b870f0b57.jpg,인투드로잉 32-포스터-최종.pdf_page_1.jpg,Into Drawing 32_Wonder-Pul Life,,1791
1관,Into Drawing 25 유유자적,20140912,20140928,P,종료    ,소마드로잉센터 전시실(제5전시실),,,국민체육진흥공단 소마미술관,이윤진 Yunjin Lee,드로잉 10여점,10:00~18:00(입장마감 17:00)▒매주 월요일 및 추석당일 휴관,▒▒▒메인 전시 (Water_천진난만) 관람 시 무료 관람,,,https://soma.kspo.or.krhttps://soma.kspo.or.krhttps://soma.kspo.or.kr/manage/upload_files/display/2019/01/08/ee000587-1d89-4c1c-9961-59662a26a641.jpg,D2014_into drawing25_포스터.jpg,Into Drawing 25_A Quiet Journey into Life,,1283
1관,내일전_Drag and Draw,20210813,20211219,N,예정    ,소마미술관1관 2~4전시실,20210813,1000,국민체육진흥공단/소마미술관,"김인영, 류정민, 민정See, 배성희, 손민아, 심아빈,",드로잉센터 등록작가 10여명의 공간 및 입체 드로잉 50여점,10:00~18:00(17:30까지 입장가능),"성인(만25~64세) 3,000원, 청소년(만13~24세) 2,000원, 어린이(만7~12세) 1,000원▒성인 1,500원, 청소년 1,000원, 어린이 500원▒만 6세이하, 만65세 이상, 장애인, 국가유공자▒대학생, 예술인패스 소지자는 청소년 요금 적용▒통합권(1,2관 관람)이용 시: 성인 4,000원, 청소년 3,000원, 어린이 1,000원 ※단체 50% 할인 적용",,,https://soma.kspo.or.krhttps://soma.kspo.or.krhttps://soma.kspo.or.kr/manage/upload_files/display/2021/07/30/52f19ba7-68c2-415a-b0a1-ccffb2a0934e.jpg,내일전 포스터(Drag-and-draw)_홈페이지.jpg,Drag and Draw,,17
1관,내일 - 토끼 사냥의 필연,20060720,20060907,P,종료    ,소마미술관,,,소마미술관,뮌 / 입김 / 집단 &#39;막&#39;/ 최승훈+박선민 / 플라잉시티,,10:00~18:00(입장마감 17:00)▒매주 월요일 휴관,▒▒▒,,,https://soma.kspo.or.krhttps://soma.kspo.or.krhttps://soma.kspo.or.kr/manage/upload_files/display/2019/01/15/fdb19ac5-ff89-4d97-a674-03e384a20af5.jpg,토끼 사냥의 필연.jpg,The Collaborations,,11867
1관,파울 클레 : 눈으로 마음으로,20060407,20060702,P,종료    ,소마미술관,,,"소마미술관, 동아일보사, (주)로렌스 제프리스",파울 클레,드로잉 및 회화 작품 60점,10:00~18:00(입장마감 17:00)▒매주 월요일 휴관,▒▒▒,,,https://soma.kspo.or.krhttps://soma.kspo.or.krhttps://soma.kspo.or.kr/manage/upload_files/display/2019/01/16/598b8a88-b4b1-4288-ad91-8e175b0a0641.jpg,파울클레 1.jpg,"Paul Klee_To Draw, To Paint",,19532
1관,다이나믹 라이프展,20050915,20051128,P,종료    ,소마미술관 제1~5전시실,,,소마미술관 / 국민체육진흥공단,"강영민,권여현,김경민,김익성,김일용,오상욱,이동재,임택,전상옥,정국택,최혜광","회화,조각,설치작품 약 30점",10:00~18:00(입장마감 17:00)▒매주 월요일 휴관,▒▒▒,,,https://soma.kspo.or.krhttps://soma.kspo.or.krhttps://soma.kspo.or.kr/manage/upload_files/xhbt/image/2007020717242831340.jpg,2007020717242831340.jpg,Dynamin Life,,6716
1관,Into Drawing 18 무너지는 산,20121005,20121021,P,종료    ,소마미술관 제6전시실,,,국민체육진흥공단 소마미술관,아비탈 크나아티 Avital Cnaani,종이드로잉 10여점,10:00~18:00(입장마감 17:00)▒매주 월요일 휴관,▒▒▒메인전시 (몸의 사유) 관람 시 무료 관람,,,https://soma.kspo.or.krhttps://soma.kspo.or.krhttps://soma.kspo.or.kr/manage/upload_files/display/2019/01/08/7d5de693-4d4f-4e37-a7b9-65c2a9396d1a.jpg,D2012_into drawing 18_포스터.pdf_page_1.jpg,Into Drawing 18_Falling Mountains,,2566
1관,Drawing Now 06 핏줄,20120706,20120916,P,종료    ,소마드로잉센터 전시실,,,국민체육진흥공단 소마미술관,안형남 Hyongnam Ahn,"조각, 드로잉, 설치 등 약 20여점",10:00~18:00(입장마감 17:00)▒매주 수요일 10:00~20:00(입장마감 19:00)▒매주 월요일 휴관,"성인 3,000원, 청소년(13~24세) 2,000원, 어린이 1,000원▒성인 1,500원, 청소년(13~24세) 1,000원, 어린이 500원▒▒",,,https://soma.kspo.or.krhttps://soma.kspo.or.krhttps://soma.kspo.or.kr/manage/upload_files/display/2019/01/08/4b2662a3-9449-4c80-96ae-db0428095a74.jpg,D2012_드로잉나우06_포스터.pdf_page_1.jpg,Drawing Now 06_Blood Line,,5178
1관,Into Drawing 17 당신의 위안이 되어 드릴께요,20111104,20111120,P,종료    ,소마드로잉센터 전시실(제6전시실),,,국민체육진흥공단 소마미술관,윤성지 Sungji Yun,"오브제, 설치 작품 5점",10:00~18:00(입장마감 17:00)▒매주 월요일 휴관,▒▒▒메인전시 (조각가의 드로잉) 관람 시 무료 관람,,,https://soma.kspo.or.krhttps://soma.kspo.or.krhttps://soma.kspo.or.kr/manage/upload_files/display/2019/01/08/12693bad-acba-46d3-bc1f-54188ab5d204.jpg,D2011_인투드로잉17_포스터.pdf_page_1.jpg,Into Drawing 17_I&#39;ll be Your Comfort,,1375
1관,Into Drawing 09 순환,20090430,20090524,P,종료    ,소마드로잉센터 전시실,,,국민체육진흥공단 소마미술관,강해인 Haein Kang,드로잉 오브제 및 설치 3점,10:00~18:00(입장마감 17:00)▒매주 월요일 휴관,▒▒▒,,,https://soma.kspo.or.krhttps://soma.kspo.or.krhttps://soma.kspo.or.kr/manage/upload_files/display/2019/01/08/c79e0f6b-c94c-47a7-9e53-d93e698b69a2.jpg,D2009_인투드로잉09-포스터_초대장.pdf_page_1.jpg,Into Drawing 09_Circulation,,3452
1관,Into Drawing 07 한 잎의 생각,20090219,20090315,P,종료    ,소마드로잉센터 전시실,,,국민체육진흥공단 소마미술관,허윤희 Yunhee Huh,드로잉 설치 약 10여 점,10:00~18:00(입장마감 17:00)▒매주 월요일 휴관,▒▒▒,,,https://soma.kspo.or.krhttps://soma.kspo.or.krhttps://soma.kspo.or.kr/manage/upload_files/display/2019/01/08/a4f755fa-5d11-42aa-9894-0f93c88dd46b.jpg,D2009_인투드로잉07_포스터_초대장.jpg,Into Drawing 07_Thought of A Leaf,,3568
1관,Into Drawing 06 부조리한 풍경,20080814,20080831,P,종료    ,소마드로잉센터 전시실,,,서울올림픽미술관,임선이 Suniy Im,오브제 설치 약 10여점,10:00~18:00(입장마감 17:00)▒매주 월요일 휴관,▒▒▒,,,https://soma.kspo.or.krhttps://soma.kspo.or.krhttps://soma.kspo.or.kr/manage/upload_files/display/2019/01/08/d37194f6-67c5-44dd-970e-5e3d4c1c38d8.jpg,D2008_인투드로잉06-포스터.pdf_page_1.jpg,Into Drawing 06_Absurd Sights,,2315
1관,Into Drawing 02,20071018,20071125,P,종료    ,소마미술관,,,국민체육진흥공단,"권자연, 류승환, 홍윤정","평면, 설치 약 10여 점",10:00~18:00(입장마감 17:00)▒매주 월요일 휴관,▒▒▒,,,https://soma.kspo.or.krhttps://soma.kspo.or.krhttps://soma.kspo.or.kr/manage/upload_files/xhbt/image/2007110918105729831.jpg,2007110918105729831.jpg,Into Drawing 02,,7216
1관,또 다른 시선,20190308,20190317,P,종료    ,소마미술관 1관,20190308,,국민체육진흥공단 / 소마미술관,소마아트파운데이션 1기 회원,,,▒▒▒무료관람,,,https://soma.kspo.or.krhttps://soma.kspo.or.krhttps://soma.kspo.or.kr/manage/upload_files/display/2019/03/06/2eae3441-cf2a-4849-8829-17be5647f07f.jpg,soma190306.jpg,Ways of Seeing,,2019
1관,Into Drawing 10 대화,20090604,20090628,P,종료    ,소마드로잉센터 전시실,,,소마미술관/국민체육진흥공단,박혜수 Hyesoo Park,10여 점,10:00~18:00(입장마감 17:00)▒매주 월요일 휴관,▒▒▒,,,https://soma.kspo.or.krhttps://soma.kspo.or.krhttps://soma.kspo.or.kr/manage/upload_files/display/2019/01/08/66d1092d-24d9-444b-beb8-b07cdd1433ef.jpg,D2009_인투드로잉10_포스터_초대장.pdf_page_1.jpg,Into Drawing 10_Dialogue,,3335
1관,"Drawing Now 01 불경한, 그리고 은밀한",20080131,20080323,P,종료    ,소마드로잉센터 전시실,,,소마미술관/국민체육진흥공단,"류지선,성유진,심정은,안진우,윤여범,이선경,이재헌,임춘희 8명",약 20여 점,10:00~18:00(입장마감 17:00)▒매주 월요일 휴관,▒▒▒,,,https://soma.kspo.or.krhttps://soma.kspo.or.krhttps://soma.kspo.or.kr/manage/upload_files/display/2019/01/08/5f415971-5a16-4097-822f-3236231ee77c.jpg,D2008_드로잉now01_포스터.pdf_page_1.jpg,"Drawing Now 01_Unfaithful, and Secret",,7598
1관,2017 야외조각프로젝트 S,20170721,20180331,P,종료    ,소마미술관 주변 조각공원 일대,,,국민체육진흥공단 소마미술관,김창환/ 도수진/ 이수진,비스듬히 세워진 두 개의 선들(1988) 외 5작품,,▒▒▒,,,https://soma.kspo.or.krhttps://soma.kspo.or.krhttps://soma.kspo.or.kr/manage/upload_files/display/2019/01/15/13cb1731-f0af-44ad-bbea-46fec33edaac.jpg,sculpture.jpg,SOMA Outdoor Project Project S,,5803
1관,Into Drawing 28 섬,20151127,20151213,P,종료    ,소마드로잉센터 전시실(제5전시실),,,국민체육진흥공단 소마미술관,이주은 Jueun Lee,"드로잉, 오브제, 설치 등 10여점",10:00~18:00(입장마감 17:20)▒매주 월요일 휴관,▒▒▒메인 전시 (소마 드로잉_무심) 관람 시 무료 관람,,,https://soma.kspo.or.krhttps://soma.kspo.or.krhttps://soma.kspo.or.kr/manage/upload_files/display/2019/01/08/05dea4ce-e1bd-4cb5-9375-61b640b4d7ff.jpg,D2015_인투드로잉28_포스터.pdf_page_1.jpg,Into Drawing 28_Island,,1266
1관,Into Drawing 26 시선,20141008,20141026,P,종료    ,소마드로잉센터 전시실 (제5전시실),,,국민체육진흥공단 소마미술관,하태범 Taebum Ha,"조각, 사진, 드로잉 설치 등 10여점",10:00~18:00(입장마감 17:00)▒매주 월요일 휴관,▒▒▒메인 전시 (Water_천진난만) 관람 시 무료 관람,,,https://soma.kspo.or.krhttps://soma.kspo.or.krhttps://soma.kspo.or.kr/manage/upload_files/display/2019/01/08/ca72b57d-4295-400f-9c2e-84fb2bd4836a.jpg,D2014_into drawing26_포스터.pdf_page_1.jpg,Into Drawing 26_White-Line of Sight,,1636
1관,Into Drawing 21 매우 길거나 짧은,20131011,20131027,P,종료    ,소마드로잉센터 전시실(제5전시실),,,국민체육진흥공단 소마미술관,이창훈 Changhoon Lee,"영상, 음향, 설치 5점",10:00~18:00(입장마감 17:00)▒매주 월요일 휴관,▒▒▒메인 전시 (아시아 코드_空) 관람 시 무료 관람,,,https://soma.kspo.or.krhttps://soma.kspo.or.krhttps://soma.kspo.or.kr/manage/upload_files/display/2019/01/08/6107e2b2-e5d9-429c-80d0-60497ed2e1f3.jpg,D2013_into drawing21_포스터.jpg,Into Drawing 21_Either Very Long or Short,,551
1관,Into Drawing 14 그린하이츠,20110224,20110313,P,종료    ,소마미술관 드로잉센터전시실[6전시실],,,국민체육진흥공단 소마미술관,연기백 Kibaik Yuon,드로잉 설치 약 10여 점,10:00~18:00(입장마감 17:00)▒매주 월요일 휴관,"▒▒만 4세미만, 만 65세 이상, 국가유공자, 장애인 무료▒메인전시 (내일_오픈아카이브) 관람 시 무료 관람",,,https://soma.kspo.or.krhttps://soma.kspo.or.krhttps://soma.kspo.or.kr/manage/upload_files/display/2019/01/08/04d494d5-403f-481a-8521-b6ff0fc25979.jpg,D2010_IntoDrawing14_포스터_초청장.pdf_page_1.jpg,Into Drawing 14_Greenheights,,1197
1관,"아이로봇, i Robot",20091217,20100314,P,종료    ,"소마미술관 전관, 세미나실 및 일체 부대시설",,,국민체육진흥공단 소마미술관,"고근호, 김동호, 김  석, 김영호, 낸시랭, 노진아, 백남준, 구보다 시게코, 백종기, 용관, 유영운, 왕지원, 이기일, 이해민선, 정우철, 최우람, 등 총 16명","설치 작품 60여점, 로봇유물 33점 등 총 100여점",10:00~18:00(입장마감 17:00)▒매주 월요일 휴관,"성인 3,000원, 청소년(13~24세) 2,000원, 어린이 1,000원▒성인 1,500원, 청소년(13~24세) 1,000원, 어린이 500원▒▒",,,https://soma.kspo.or.krhttps://soma.kspo.or.krhttps://soma.kspo.or.kr/manage/upload_files/display/2019/01/08/55cf330e-84fb-4862-bc70-0f8cf0408c98.jpg,2009_아이로봇_포스터.jpg,i Robot,,20261
1관,Drawing Now 03 나무가 종이를 만나다,20090709,20090830,P,종료    ,소마미술관 제6전시실,,,국민체육진흥공단 소마미술관,"총2명(보리스 쿠라톨로_Boris Curatolo, 매리 설리번_Mary Sullivan)",조각설치 1점 외 소품,10:00~18:00(입장마감 17:00)▒매주 월요일 휴관,"▒▒▒메인전시 (드로잉조각, 공중누각) 관람시 무료관람",,,https://soma.kspo.or.krhttps://soma.kspo.or.krhttps://soma.kspo.or.kr/manage/upload_files/display/2019/01/08/e7dd826c-d587-49ff-a82d-4db6522e785d.jpg,D2009_Drawing Now03_포스터.pdf_page_1.jpg,Drawing Now 03_Wood Meets Paper,,6086
1관,&lt;앨리스뮤지엄 2009 : 퓨처 스쿨&gt;,20090501,20090621,P,종료    ,소마미술관,,,"국민체육진흥공단, SK 소마미술관, 아트센터 나비","16팀(해외 13팀, 국내 3명",21여 점,10:00~18:00(입장마감 17:00)▒매주 월요일 휴관,"6,000원(성인/청소년/어린이 동일요금 적용)▒3.000원▒만 4세미만, 만 65세 이상, 국가유공자, 장애인 무료▒",,,https://soma.kspo.or.krhttps://soma.kspo.or.krhttps://soma.kspo.or.kr/manage/upload_files/display/2019/01/08/5eb486ab-0de0-4850-9659-c30118d15ed9.jpg,앨리스 뮤지엄.jpg,A.L.I.C.E. MUSEUM : Future School,,797
1관▒2관,포스트 &lsquo;88_서울올림픽 조각 프로젝트,20180914,20190224,P,종료    ,소마미술관 전관(1~2관),,,국민체육진흥공단 소마미술관,"백남준, 심문섭, 이승택, 이우환 등 42명","조각, 입체, 오브제, 설치 및 아카이브 자료 등 100여점","10:00~18:00(입장마감 17:00)▒문화가 있는 날(매월 마지막 주 수요일) 야간 연장 개관(10:00~21:00, 입장마감 20:00)▒매주 월요일 휴관","성인 3,000원, 청소년(13~24세) 2,000원, 어린이 1,000원▒성인 1,500원, 청소년(13~24세) 1,000원, 어린이 500원▒만 4세미만, 만 65세 이상, 국가유공자, 장애인 무료▒20인 이상 단체관람의 인솔교사 1명 무료▒재관람 고객 무료▒예술인 패스 소지자는 청소년 할인 요금 적용(2,000원)",/manage/upload_files/display/ebook/2018/12/27/fcc9166a-f455-43de-a5f5-eba2f96b8be8.pdf,포스트88-내지.pdf,https://soma.kspo.or.krhttps://soma.kspo.or.krhttps://soma.kspo.or.kr/manage/upload_files/display/2018/12/21/6e326e6b-a91e-4442-8774-b6dfbc1ebaac.jpg,soma-조각프로젝트-포스터 최종2.jpg,OLYMPIC SCULPTURE PROJECT POST 88,"The art exhibition &ldquo;Olympic sculpture project Post 88&rdquo; is opened to celebrate 30th of Seoul Olympic and opening of SOMA museum 2.,,Artist : Munseop Shim, Seungteak Lee, Woohwan Lee, and 12 numbers of modern sculpture artist",6025
2관,Into Drawing 39 목줄 없는 개들,20190830,20190929,P,종료    ,소마미술관 2관 (3전시실),20190829,1700,국민체육진흥공단 소마미술관,지알원 GR1,드로잉 60여점,10:00~18:00(입장마감 17:00)▒문화가 있는날(매월 마지막주 수요일) 야간 연장개관(10:00~20:20)▒매주 월요일 휴관,▒▒▒메인전시(조각_조각) 관람시 무료관람,,,https://soma.kspo.or.krhttps://soma.kspo.or.krhttps://soma.kspo.or.kr/manage/upload_files/display/2019/07/24/d523a0cf-d3ed-47db-931a-945692caabd0.jpg,Into39.jpg,Dogs without Leash,,4127
2관,조각_조각,20190830,20191222,P,종료    ,소마미술관 2관,20190829,1700,국민체육진흥공단 / 소마미술관,국내작가 16명의 조각 및 설치작품 50여점,,10:00~18:00 (입장마감 17:00)▒문화가 있는날(매월 마지막주 수요일) 야간 연장개관(10:00~20:20)▒매주 월요일 휴관,"성인(만25~64세)_3,000원, 청소년(만13~24세)_2,000원, 어린이(만7~12세)_1,000원▒성인(만25~64세)_1,500원, 청소년(만13~24세)_1,000원, 어린이(만7~12세)_500원▒만6세 이하, 만65세 이상, 장애인, 국가유공자 ▒대학생, 예술인패스 소지자는 청소년 요금 적용",,,https://soma.kspo.or.krhttps://soma.kspo.or.krhttps://soma.kspo.or.kr/manage/upload_files/display/2019/07/31/c06cbe68-8f11-4318-84e4-d032b4eebf86.jpg,190731.jpg,PIECES_SCULPTURE,,11024
2관,버퍼링,20191011,20191110,P,종료    ,소마미술관 2관 (3전시실),20191010,1700,국민체육진흥공단 소마미술관,박관택,드로잉 설치 8점,10:00~18:00(입장마감 17:00)▒문화가 있는날(매월 마지막주 수요일) 야간 연장개관(10:00~20:20)▒매주 월요일 휴관,▒▒▒메인전시(조각_조각) 관람시 무료관람,,,https://soma.kspo.or.krhttps://soma.kspo.or.krhttps://soma.kspo.or.kr/manage/upload_files/display/2019/09/25/b8e13ee9-b6e4-4c05-aa46-e9a2ae77f6e9.jpg,40.jpg,Buffering,,4083
2관,소장품 상설전_오늘의 미술관,20210409,20210829,C,현재    ,소마미술관 2관 3~4전시실,20210409,1300,국민체육진흥공단 소마미술관,"모한 아마라, 박석원, 최만린 등 총 14명","조각, 드로잉, 아카이브 영상 등 총 20점",10:00~18:00,▒▒▒2관 전시 관람 시 무료,,,https://soma.kspo.or.krhttps://soma.kspo.or.krhttps://soma.kspo.or.kr/manage/upload_files/display/2021/03/23/6c42177a-0708-49f8-b9ff-5a68213e6947.jpg,소장품 상설전-홈페이지.jpg,Today soma,,3272
2관,우리들을 위한 작업,20191122,20191222,P,종료    ,소마미술관 2관 (3전시실),20191121,1700,국민체육진흥공단 소마미술관,,,문화가 있는날(매월 마지막주 수요일) 야간 연장개관(10:00~20:20)▒매주 월요일 휴관,▒▒▒메인전시(조각_조각) 관람시 무료관람,,,https://soma.kspo.or.krhttps://soma.kspo.or.krhttps://soma.kspo.or.kr/manage/upload_files/display/2019/11/14/af4bd9df-911e-44d2-874e-10bf4776740d.jpg,41.jpg,Work for Us,,2582
2관,푸룻푸룻뮤지엄: APPLE IN MY EYES,20200724,20210314,P,종료    ,소마미술관 2관,20201023,1500,,,"과일을 소재로 건강한 신체, 정서적인 힐링을 형상화한 회화, 미디어작품, 설치미술 등 40여 점",10:00~19:00 (입장마감 18:00) / 매주 월요일 휴관 [3/1(월)은 정상운영],"성인 15,000원 / 청소년 13,000원 / 어린이(36개월~만12세) 11,000원▒2,000원 할인▒무료(36개월 미만) / 군, 경, 장애인, 보훈, 65세이상 7,500원▒",,,https://soma.kspo.or.krhttps://soma.kspo.or.krhttps://soma.kspo.or.kr/manage/upload_files/display/2021/02/10/7baf316f-0886-4cf2-be7f-ee2c72153ca4.jpg,[공식]푸룻푸룻뮤지엄피크닉(포스터).jpg,Fruit fruit museum : Apple in my eyes,,21783
2관,당신의 안녕_Dead Point and Second Wind,20210409,20211010,C,현재    ,소마미술관 2관 1~2전시실,20210409,1300,국민체육진흥공단 소마미술관,"강경구, 김병관, 김원근, 김은숙, 림배지희, 이민혁, GR1, 지희킴, 하태범, 한 받 등 10명","회화, 드로잉 및 설치작품 80여점",10:00~18:00,"성인(만25~63세) 3,000원, 청소년(만13~24세) 2,000원, 어린이(만7~12세) 1,000원▒성인 1,500원, 청소년 1,000원, 어린이 500원▒만 6세이하, 만65세 이상, 장애인, 국가유공자▒대학생, 예술인패스 소지자는 청소년 요금 적용▒통합권(1,2관 관람) 이용 시 : 성인 4,000원, 청소년 3,000원, 어린이 1,000원  ※ 단체 50%할인 적용",,,https://soma.kspo.or.krhttps://soma.kspo.or.krhttps://soma.kspo.or.kr/manage/upload_files/display/2021/07/19/3bf551ae-6e81-437a-b306-eec4f1bc3b62.jpg,당신의안녕 홈페이지(0324).jpg,Dead Point and Second Wind,,12522
MOVE SOMA,MOVE SOMA 1_ 드로잉 소장품,20201102,20210215,P,종료    ,온라인 미술관,20201104,,국민체육진흥공단 소마미술관,,드로잉 소장품 100여점,,▒▒▒무료,,,https://soma.kspo.or.krhttps://soma.kspo.or.krhttps://soma.kspo.or.kr/manage/upload_files/display/2021/02/02/aa0545a4-fcad-4464-871b-cbd7925e7ce3.jpg,MOVE SOMA 수정 포스터(최종)-2.15로 날짜 수정 두번째.jpg,MOVE SOMA 1_ DRAWING COLLECTION,"MOVE SOMA 1 드로잉 소장품,2020.11.02 ~ 2021.02.15,주최 국민체육진흥공단 주관 소마미술관,MOVE SOMA란? 소마미술관 온라인 가상전시공간",2982
,소마미술관 소장품전,20200102,20200224,P,종료    ,"소마미술관 2관 3,4전시실",,,국민체육진흥공단 / 소마미술관,,소마미술관 소장품,10:00~18:00(입장마감 17:00)▒매주 월요일 휴관▒소마미술관은 코로나바이러스 감염증-19 예방조치를 위하여 2월 24일(월)부터 별도 안내 시까지 잠정 휴관하오니 관람객 여러분의 협조와 양해 바랍니다.,▒▒▒무료관람,,,https://soma.kspo.or.krhttps://soma.kspo.or.krhttps://soma.kspo.or.kr/manage/upload_files/display/2019/12/30/96ed9f7f-375c-41cd-9920-59b949958905.jpg,1230-6.JPG,SOMA Collection Permanent Exhibition,,5634
,아웃도어 아트_코로나19를 대하는 우리의 자세,20210323,20211231,C,현재    ,미술관 커피숍 주변 야외,20210323,1300,국민체육진흥공단 소마미술관,"곽남신, 김태호, 김선우",설치작품 3점,,▒▒▒무료,,,https://soma.kspo.or.krhttps://soma.kspo.or.krhttps://soma.kspo.or.kr/manage/upload_files/display/2021/03/16/da4e4275-c101-425c-8502-483badceb221.jpg,곽남신 작가1.jpg,Outdoor Art,,2099
